Datetime,Temp√©rature
2005-01-01,48.1
2005-01-02,50.9
2005-01-03,55.8
2005-01-04,42.5
2005-01-05,36.3
2005-01-06,33.5
2005-01-07,29.0
2005-01-08,32.6
2005-01-09,35.7
2005-01-10,37.8
2005-01-11,41.6
2005-01-12,58.2
2005-01-13,59.3
2005-01-14,29.7
2005-01-15,21.1
2005-01-16,18.8
2005-01-17,7.5
2005-01-18,6.1
2005-01-19,23.9
2005-01-20,25.4
2005-01-21,15.3
2005-01-22,19.4
2005-01-23,6.2
2005-01-24,12.6
2005-01-25,27.8
2005-01-26,35.5
2005-01-27,14.9
2005-01-28,13.3
2005-01-29,27.4
2005-01-30,30.0
2005-01-31,19.1
2005-02-01,21.8
2005-02-02,22.7
2005-02-03,27.9
2005-02-04,31.6
2005-02-05,36.3
2005-02-06,39.1
2005-02-07,44.7
2005-02-08,45.2
2005-02-09,35.6
2005-02-10,27.5
2005-02-11,24.9
2005-02-12,35.9
2005-02-13,37.6
2005-02-14,46.4
2005-02-15,47.6
2005-02-16,39.7
2005-02-17,28.2
2005-02-18,22.2
2005-02-19,23.9
2005-02-20,34.9
2005-02-21,42.5
2005-02-22,35.0
2005-02-23,30.3
2005-02-24,27.8
2005-02-25,24.4
2005-02-26,34.2
2005-02-27,28.8
2005-02-28,36.8
2005-03-01,26.6
2005-03-02,21.1
2005-03-03,22.4
2005-03-04,26.9
2005-03-05,35.3
2005-03-06,39.6
2005-03-07,50.4
2005-03-08,27.0
2005-03-09,22.5
2005-03-10,23.1
2005-03-11,32.3
2005-03-12,29.6
2005-03-13,27.4
2005-03-14,29.2
2005-03-15,33.0
2005-03-16,33.0
2005-03-17,40.3
2005-03-18,44.3
2005-03-19,44.8
2005-03-20,37.5
2005-03-21,33.9
2005-03-22,36.0
2005-03-23,36.7
2005-03-24,35.0
2005-03-25,39.7
2005-03-26,40.2
2005-03-27,40.2
2005-03-28,42.8
2005-03-29,44.4
2005-03-30,56.3
2005-03-31,60.8
2005-04-01,47.6
2005-04-02,39.5
2005-04-03,43.7
2005-04-04,50.9
2005-04-05,60.0
2005-04-06,64.6
2005-04-07,60.7
2005-04-08,49.8
2005-04-09,49.8
2005-04-10,63.0
2005-04-11,64.4
2005-04-12,52.7
2005-04-13,50.9
2005-04-14,49.4
2005-04-15,51.0
2005-04-16,55.9
2005-04-17,62.1
2005-04-18,66.2
2005-04-19,68.0
2005-04-20,67.4
2005-04-21,53.0
2005-04-22,52.3
2005-04-23,41.8
2005-04-24,33.0
2005-04-25,45.3
2005-04-26,50.0
2005-04-27,43.7
2005-04-28,47.4
2005-04-29,49.0
2005-04-30,47.7
2005-05-01,45.3
2005-05-02,43.5
2005-05-03,42.1
2005-05-04,45.0
2005-05-05,51.6
2005-05-06,55.9
2005-05-07,61.8
2005-05-08,62.5
2005-05-09,68.4
2005-05-10,69.2
2005-05-11,72.9
2005-05-12,53.9
2005-05-13,57.9
2005-05-14,62.5
2005-05-15,51.2
2005-05-16,50.2
2005-05-17,53.7
2005-05-18,59.1
2005-05-19,60.6
2005-05-20,59.1
2005-05-21,58.5
2005-05-22,61.1
2005-05-23,61.6
2005-05-24,55.6
2005-05-25,55.5
2005-05-26,62.0
2005-05-27,63.8
2005-05-28,61.0
2005-05-29,61.7
2005-05-30,62.8
2005-05-31,62.7
2005-06-01,66.0
2005-06-02,64.6
2005-06-03,66.0
2005-06-04,71.3
2005-06-05,76.3
2005-06-06,77.8
2005-06-07,77.8
2005-06-08,77.7
2005-06-09,77.9
2005-06-10,79.0
2005-06-11,74.5
2005-06-12,74.5
2005-06-13,75.2
2005-06-14,77.7
2005-06-15,71.4
2005-06-16,64.8
2005-06-17,64.8
2005-06-18,63.5
2005-06-19,65.2
2005-06-20,67.8
2005-06-21,71.4
2005-06-22,75.7
2005-06-23,72.5
2005-06-24,77.3
2005-06-25,80.2
2005-06-26,78.2
2005-06-27,81.4
2005-06-28,73.7
2005-06-29,76.4
2005-06-30,75.0
2005-07-01,72.4
2005-07-02,67.5
2005-07-03,71.1
2005-07-04,78.1
2005-07-05,75.9
2005-07-06,73.5
2005-07-07,72.5
2005-07-08,71.8
2005-07-09,72.3
2005-07-10,74.5
2005-07-11,74.8
2005-07-12,77.2
2005-07-13,71.1
2005-07-14,71.6
2005-07-15,75.1
2005-07-16,76.2
2005-07-17,76.2
2005-07-18,78.9
2005-07-19,77.8
2005-07-20,76.2
2005-07-21,78.4
2005-07-22,77.2
2005-07-23,76.9
2005-07-24,80.6
2005-07-25,84.1
2005-07-26,83.6
2005-07-27,72.2
2005-07-28,67.5
2005-07-29,73.3
2005-07-30,71.9
2005-07-31,74.1
2005-08-01,77.4
2005-08-02,79.4
2005-08-03,81.5
2005-08-04,82.3
2005-08-05,76.8
2005-08-06,73.2
2005-08-07,73.5
2005-08-08,77.9
2005-08-09,76.6
2005-08-10,79.4
2005-08-11,78.0
2005-08-12,79.0
2005-08-13,80.3
2005-08-14,74.1
2005-08-15,68.3
2005-08-16,68.0
2005-08-17,71.7
2005-08-18,74.1
2005-08-19,77.9
2005-08-20,79.5
2005-08-21,76.3
2005-08-22,70.4
2005-08-23,65.7
2005-08-24,66.6
2005-08-25,70.2
2005-08-26,73.0
2005-08-27,74.6
2005-08-28,72.8
2005-08-29,73.9
2005-08-30,69.9
2005-08-31,69.9
2005-09-01,70.8
2005-09-02,72.3
2005-09-03,67.1
2005-09-04,68.0
2005-09-05,67.7
2005-09-06,69.7
2005-09-07,69.9
2005-09-08,71.4
2005-09-09,71.9
2005-09-10,72.5
2005-09-11,72.0
2005-09-12,72.1
2005-09-13,74.1
2005-09-14,71.7
2005-09-15,71.5
2005-09-16,70.0
2005-09-17,63.6
2005-09-18,64.3
2005-09-19,67.8
2005-09-20,68.7
2005-09-21,68.2
2005-09-22,71.8
2005-09-23,71.7
2005-09-24,67.4
2005-09-25,73.4
2005-09-26,69.1
2005-09-27,61.8
2005-09-28,63.0
2005-09-29,60.0
2005-09-30,53.0
2005-10-01,60.0
2005-10-02,68.6
2005-10-03,72.0
2005-10-04,69.1
2005-10-05,69.1
2005-10-06,69.7
2005-10-07,54.0
2005-10-08,50.2
2005-10-09,50.5
2005-10-10,54.0
2005-10-11,57.9
2005-10-12,59.2
2005-10-13,60.6
2005-10-14,60.8
2005-10-15,58.2
2005-10-16,51.5
2005-10-17,51.9
2005-10-18,60.7
2005-10-19,60.4
2005-10-20,50.3
2005-10-21,45.3
2005-10-22,47.7
2005-10-23,45.6
2005-10-24,39.0
2005-10-25,43.8
2005-10-26,42.9
2005-10-27,44.9
2005-10-28,40.3
2005-10-29,40.2
2005-10-30,45.6
2005-10-31,53.4
2005-11-01,52.3
2005-11-02,45.9
2005-11-03,55.0
2005-11-04,59.1
2005-11-05,63.0
2005-11-06,60.4
2005-11-07,47.7
2005-11-08,56.1
2005-11-09,62.4
2005-11-10,44.0
2005-11-11,39.4
2005-11-12,50.5
2005-11-13,57.5
2005-11-14,44.3
2005-11-15,55.6
2005-11-16,43.7
2005-11-17,24.9
2005-11-18,25.1
2005-11-19,36.7
2005-11-20,43.9
2005-11-21,40.2
2005-11-22,36.1
2005-11-23,28.7
2005-11-24,31.7
2005-11-25,18.1
2005-11-26,32.6
2005-11-27,48.6
2005-11-28,57.3
2005-11-29,44.9
2005-11-30,30.4
2005-12-01,28.0
2005-12-02,22.6
2005-12-03,22.3
2005-12-04,27.0
2005-12-05,24.0
2005-12-06,15.9
2005-12-07,19.9
2005-12-08,17.8
2005-12-09,18.4
2005-12-10,19.9
2005-12-11,29.9
2005-12-12,20.5
2005-12-13,20.5
2005-12-14,24.2
2005-12-15,32.8
2005-12-16,28.2
2005-12-17,23.0
2005-12-18,19.4
2005-12-19,10.1
2005-12-20,7.4
2005-12-21,23.0
2005-12-22,26.6
2005-12-23,34.6
2005-12-24,40.7
2005-12-25,39.6
2005-12-26,33.6
2005-12-27,36.2
2005-12-28,50.2
2005-12-29,37.7
2005-12-30,36.0
2005-12-31,37.0
2006-01-01,36.1
2006-01-02,48.5
2006-01-03,43.4
2006-01-04,44.1
2006-01-05,36.7
2006-01-06,29.3
2006-01-07,31.4
2006-01-08,37.8
2006-01-09,43.9
2006-01-10,37.3
2006-01-11,42.6
2006-01-12,41.2
2006-01-13,49.8
2006-01-14,35.1
2006-01-15,30.4
2006-01-16,37.4
2006-01-17,47.5
2006-01-18,27.7
2006-01-19,38.4
2006-01-20,52.3
2006-01-21,45.9
2006-01-22,30.5
2006-01-23,35.5
2006-01-24,33.3
2006-01-25,33.0
2006-01-26,29.9
2006-01-27,32.9
2006-01-28,46.7
2006-01-29,49.6
2006-01-30,42.5
2006-01-31,33.5
2006-02-01,36.6
2006-02-02,40.5
2006-02-03,42.1
2006-02-04,36.3
2006-02-05,26.1
2006-02-06,25.7
2006-02-07,24.0
2006-02-08,25.6
2006-02-09,22.5
2006-02-10,29.1
2006-02-11,29.4
2006-02-12,26.6
2006-02-13,25.5
2006-02-14,35.0
2006-02-15,45.8
2006-02-16,53.4
2006-02-17,37.9
2006-02-18,18.0
2006-02-19,10.1
2006-02-20,21.2
2006-02-21,29.9
2006-02-22,35.5
2006-02-23,38.0
2006-02-24,31.9
2006-02-25,41.6
2006-02-26,23.5
2006-02-27,30.7
2006-02-28,33.6
2006-03-01,39.5
2006-03-02,44.7
2006-03-03,30.5
2006-03-04,27.2
2006-03-05,31.0
2006-03-06,33.2
2006-03-07,30.9
2006-03-08,38.2
2006-03-09,51.2
2006-03-10,49.2
2006-03-11,44.7
2006-03-12,56.7
2006-03-13,61.4
2006-03-14,38.9
2006-03-15,36.7
2006-03-16,38.9
2006-03-17,35.6
2006-03-18,31.1
2006-03-19,31.8
2006-03-20,33.4
2006-03-21,27.3
2006-03-22,27.3
2006-03-23,34.9
2006-03-24,36.6
2006-03-25,34.2
2006-03-26,36.4
2006-03-27,38.2
2006-03-28,44.4
2006-03-29,45.5
2006-03-30,50.8
2006-03-31,59.3
2006-04-01,52.6
2006-04-02,51.0
2006-04-03,51.6
2006-04-04,42.4
2006-04-05,45.0
2006-04-06,50.1
2006-04-07,57.8
2006-04-08,41.8
2006-04-09,38.7
2006-04-10,48.4
2006-04-11,58.1
2006-04-12,67.9
2006-04-13,65.4
2006-04-14,68.1
2006-04-15,62.7
2006-04-16,61.0
2006-04-17,57.0
2006-04-18,52.0
2006-04-19,59.7
2006-04-20,62.4
2006-04-21,60.4
2006-04-22,61.5
2006-04-23,58.8
2006-04-24,55.3
2006-04-25,53.0
2006-04-26,42.0
2006-04-27,52.8
2006-04-28,54.4
2006-04-29,55.7
2006-04-30,59.2
2006-05-01,56.8
2006-05-02,60.6
2006-05-03,61.6
2006-05-04,64.8
2006-05-05,59.6
2006-05-06,54.0
2006-05-07,51.8
2006-05-08,56.2
2006-05-09,61.1
2006-05-10,63.4
2006-05-11,57.7
2006-05-12,47.1
2006-05-13,49.6
2006-05-14,47.4
2006-05-15,47.9
2006-05-16,53.7
2006-05-17,56.4
2006-05-18,51.3
2006-05-19,52.8
2006-05-20,54.4
2006-05-21,55.4
2006-05-22,50.1
2006-05-23,55.4
2006-05-24,62.0
2006-05-25,69.9
2006-05-26,67.1
2006-05-27,69.9
2006-05-28,75.0
2006-05-29,78.0
2006-05-30,78.1
2006-05-31,76.7
2006-06-01,72.6
2006-06-02,64.9
2006-06-03,64.7
2006-06-04,62.0
2006-06-05,64.1
2006-06-06,69.8
2006-06-07,67.6
2006-06-08,66.3
2006-06-09,68.1
2006-06-10,58.9
2006-06-11,58.8
2006-06-12,60.8
2006-06-13,62.4
2006-06-14,66.9
2006-06-15,68.3
2006-06-16,72.1
2006-06-17,75.4
2006-06-18,76.8
2006-06-19,72.4
2006-06-20,70.3
2006-06-21,74.4
2006-06-22,79.0
2006-06-23,70.0
2006-06-24,69.7
2006-06-25,70.2
2006-06-26,70.2
2006-06-27,71.0
2006-06-28,71.6
2006-06-29,65.9
2006-06-30,69.9
2006-07-01,75.8
2006-07-02,81.0
2006-07-03,78.4
2006-07-04,76.6
2006-07-05,70.1
2006-07-06,65.5
2006-07-07,67.5
2006-07-08,69.6
2006-07-09,71.8
2006-07-10,76.0
2006-07-11,74.0
2006-07-12,74.1
2006-07-13,76.8
2006-07-14,78.4
2006-07-15,78.4
2006-07-16,80.7
2006-07-17,81.4
2006-07-18,75.9
2006-07-19,76.4
2006-07-20,78.8
2006-07-21,77.5
2006-07-22,70.0
2006-07-23,69.8
2006-07-24,71.9
2006-07-25,75.4
2006-07-26,76.8
2006-07-27,73.8
2006-07-28,75.7
2006-07-29,77.4
2006-07-30,79.9
2006-07-31,80.9
2006-08-01,83.4
2006-08-02,83.2
2006-08-03,79.4
2006-08-04,75.7
2006-08-05,74.3
2006-08-06,75.7
2006-08-07,78.3
2006-08-08,74.0
2006-08-09,70.8
2006-08-10,72.7
2006-08-11,72.2
2006-08-12,68.4
2006-08-13,70.2
2006-08-14,73.9
2006-08-15,71.9
2006-08-16,70.0
2006-08-17,72.2
2006-08-18,77.1
2006-08-19,77.5
2006-08-20,72.1
2006-08-21,67.8
2006-08-22,70.3
2006-08-23,71.9
2006-08-24,74.0
2006-08-25,75.3
2006-08-26,75.5
2006-08-27,74.3
2006-08-28,73.5
2006-08-29,73.1
2006-08-30,68.2
2006-08-31,67.2
2006-09-01,65.2
2006-09-02,60.8
2006-09-03,60.1
2006-09-04,61.8
2006-09-05,64.2
2006-09-06,63.3
2006-09-07,66.9
2006-09-08,69.0
2006-09-09,69.4
2006-09-10,68.0
2006-09-11,66.7
2006-09-12,67.4
2006-09-13,64.5
2006-09-14,65.5
2006-09-15,62.6
2006-09-16,62.6
2006-09-17,67.6
2006-09-18,69.3
2006-09-19,55.2
2006-09-20,51.6
2006-09-21,52.7
2006-09-22,57.5
2006-09-23,66.1
2006-09-24,63.6
2006-09-25,54.8
2006-09-26,58.1
2006-09-27,63.3
2006-09-28,56.3
2006-09-29,50.0
2006-09-30,54.9
2006-10-01,58.1
2006-10-02,63.0
2006-10-03,69.6
2006-10-04,72.6
2006-10-05,56.5
2006-10-06,49.6
2006-10-07,51.5
2006-10-08,57.1
2006-10-09,63.4
2006-10-10,63.0
2006-10-11,63.0
2006-10-12,42.0
2006-10-13,41.3
2006-10-14,42.8
2006-10-15,41.1
2006-10-16,50.2
2006-10-17,55.8
2006-10-18,56.9
2006-10-19,54.8
2006-10-20,43.8
2006-10-21,44.2
2006-10-22,45.1
2006-10-23,37.3
2006-10-24,38.5
2006-10-25,38.0
2006-10-26,40.4
2006-10-27,44.1
2006-10-28,44.4
2006-10-29,46.2
2006-10-30,51.6
2006-10-31,57.3
2006-11-01,39.6
2006-11-02,32.8
2006-11-03,27.8
2006-11-04,33.7
2006-11-05,45.0
2006-11-06,49.2
2006-11-07,49.6
2006-11-08,50.3
2006-11-09,52.0
2006-11-10,54.6
2006-11-11,52.6
2006-11-12,37.1
2006-11-13,37.4
2006-11-14,38.1
2006-11-15,39.7
2006-11-16,48.9
2006-11-17,38.9
2006-11-18,39.5
2006-11-19,37.1
2006-11-20,33.6
2006-11-21,33.6
2006-11-22,36.6
2006-11-23,38.6
2006-11-24,42.2
2006-11-25,48.0
2006-11-26,53.7
2006-11-27,53.2
2006-11-28,51.7
2006-11-29,58.8
2006-11-30,58.2
2006-12-01,43.2
2006-12-02,28.5
2006-12-03,27.1
2006-12-04,19.0
2006-12-05,24.2
2006-12-06,36.0
2006-12-07,25.9
2006-12-08,14.5
2006-12-09,25.6
2006-12-10,37.4
2006-12-11,44.5
2006-12-12,45.9
2006-12-13,48.6
2006-12-14,47.6
2006-12-15,47.1
2006-12-16,38.1
2006-12-17,55.8
2006-12-18,49.4
2006-12-19,34.0
2006-12-20,32.8
2006-12-21,44.3
2006-12-22,52.1
2006-12-23,39.3
2006-12-24,38.1
2006-12-25,36.5
2006-12-26,35.1
2006-12-27,33.1
2006-12-28,39.4
2006-12-29,40.9
2006-12-30,42.0
2006-12-31,48.0
2007-01-01,42.1
2007-01-02,35.4
2007-01-03,37.8
2007-01-04,45.1
2007-01-05,56.5
2007-01-06,50.0
2007-01-07,35.7
2007-01-08,35.7
2007-01-09,32.8
2007-01-10,26.7
2007-01-11,34.6
2007-01-12,47.0
2007-01-13,47.4
2007-01-14,37.9
2007-01-15,45.5
2007-01-16,29.7
2007-01-17,22.2
2007-01-18,29.5
2007-01-19,31.2
2007-01-20,25.4
2007-01-21,25.9
2007-01-22,31.3
2007-01-23,28.3
2007-01-24,28.3
2007-01-25,24.1
2007-01-26,23.4
2007-01-27,36.8
2007-01-28,21.1
2007-01-29,16.3
2007-01-30,21.0
2007-01-31,14.7
2007-02-01,23.1
2007-02-02,24.4
2007-02-03,12.4
2007-02-04,6.3
2007-02-05,2.1
2007-02-06,3.0
2007-02-07,8.0
2007-02-08,4.2
2007-02-09,7.4
2007-02-10,8.7
2007-02-11,12.6
2007-02-12,29.3
2007-02-13,26.1
2007-02-14,13.7
2007-02-15,6.1
2007-02-16,4.2
2007-02-17,20.2
2007-02-18,17.7
2007-02-19,20.5
2007-02-20,40.4
2007-02-21,31.6
2007-02-22,31.9
2007-02-23,24.8
2007-02-24,22.9
2007-02-25,36.5
2007-02-26,34.0
2007-02-27,29.7
2007-02-28,28.7
2007-03-01,39.8
2007-03-02,41.5
2007-03-03,31.1
2007-03-04,24.2
2007-03-05,30.5
2007-03-06,20.3
2007-03-07,28.0
2007-03-08,25.6
2007-03-09,39.6
2007-03-10,52.2
2007-03-11,41.8
2007-03-12,43.2
2007-03-13,59.2
2007-03-14,64.3
2007-03-15,43.9
2007-03-16,31.1
2007-03-17,28.7
2007-03-18,29.5
2007-03-19,39.3
2007-03-20,44.8
2007-03-21,48.5
2007-03-22,62.8
2007-03-23,59.3
2007-03-24,62.3
2007-03-25,64.4
2007-03-26,68.1
2007-03-27,68.1
2007-03-28,59.4
2007-03-29,53.2
2007-03-30,58.1
2007-03-31,58.0
2007-04-01,63.8
2007-04-02,63.3
2007-04-03,64.2
2007-04-04,42.0
2007-04-05,29.6
2007-04-06,28.3
2007-04-07,24.5
2007-04-08,30.2
2007-04-09,33.9
2007-04-10,37.7
2007-04-11,42.1
2007-04-12,42.0
2007-04-13,40.4
2007-04-14,40.2
2007-04-15,37.3
2007-04-16,43.6
2007-04-17,49.2
2007-04-18,51.1
2007-04-19,46.1
2007-04-20,50.5
2007-04-21,57.1
2007-04-22,64.6
2007-04-23,69.0
2007-04-24,62.5
2007-04-25,55.9
2007-04-26,57.7
2007-04-27,55.4
2007-04-28,55.2
2007-04-29,61.9
2007-04-30,70.9
2007-05-01,69.6
2007-05-02,66.0
2007-05-03,63.2
2007-05-04,61.0
2007-05-05,65.0
2007-05-06,56.2
2007-05-07,58.4
2007-05-08,65.2
2007-05-09,70.7
2007-05-10,69.7
2007-05-11,71.2
2007-05-12,68.9
2007-05-13,55.6
2007-05-14,62.5
2007-05-15,72.9
2007-05-16,61.4
2007-05-17,51.0
2007-05-18,50.8
2007-05-19,57.1
2007-05-20,64.2
2007-05-21,63.6
2007-05-22,71.0
2007-05-23,74.0
2007-05-24,74.7
2007-05-25,74.9
2007-05-26,71.3
2007-05-27,69.5
2007-05-28,67.7
2007-05-29,71.0
2007-05-30,76.2
2007-05-31,74.7
2007-06-01,76.5
2007-06-02,76.2
2007-06-03,73.0
2007-06-04,67.3
2007-06-05,62.6
2007-06-06,61.9
2007-06-07,74.4
2007-06-08,80.9
2007-06-09,66.9
2007-06-10,65.2
2007-06-11,69.9
2007-06-12,71.4
2007-06-13,74.6
2007-06-14,75.6
2007-06-15,71.4
2007-06-16,74.5
2007-06-17,78.6
2007-06-18,80.7
2007-06-19,76.7
2007-06-20,70.1
2007-06-21,73.6
2007-06-22,68.7
2007-06-23,65.6
2007-06-24,65.9
2007-06-25,73.9
2007-06-26,79.3
2007-06-27,77.9
2007-06-28,74.0
2007-06-29,69.0
2007-06-30,67.4
2007-07-01,68.3
2007-07-02,63.4
2007-07-03,69.4
2007-07-04,71.5
2007-07-05,74.7
2007-07-06,74.1
2007-07-07,74.4
2007-07-08,77.7
2007-07-09,79.7
2007-07-10,76.2
2007-07-11,74.5
2007-07-12,68.6
2007-07-13,69.8
2007-07-14,71.8
2007-07-15,74.4
2007-07-16,72.5
2007-07-17,74.3
2007-07-18,72.1
2007-07-19,75.3
2007-07-20,67.7
2007-07-21,65.6
2007-07-22,65.9
2007-07-23,68.6
2007-07-24,70.4
2007-07-25,69.1
2007-07-26,68.0
2007-07-27,74.3
2007-07-28,71.4
2007-07-29,72.5
2007-07-30,74.3
2007-07-31,73.7
2007-08-01,78.0
2007-08-02,80.0
2007-08-03,79.8
2007-08-04,78.1
2007-08-05,77.9
2007-08-06,81.5
2007-08-07,82.8
2007-08-08,83.9
2007-08-09,81.8
2007-08-10,77.0
2007-08-11,75.0
2007-08-12,77.8
2007-08-13,77.6
2007-08-14,69.8
2007-08-15,76.2
2007-08-16,78.1
2007-08-17,75.0
2007-08-18,65.0
2007-08-19,69.8
2007-08-20,74.8
2007-08-21,73.6
2007-08-22,79.5
2007-08-23,84.5
2007-08-24,82.6
2007-08-25,75.9
2007-08-26,69.7
2007-08-27,70.2
2007-08-28,65.1
2007-08-29,80.1
2007-08-30,73.6
2007-08-31,66.2
2007-09-01,66.2
2007-09-02,69.1
2007-09-03,73.1
2007-09-04,68.0
2007-09-05,77.1
2007-09-06,77.9
2007-09-07,79.7
2007-09-08,74.0
2007-09-09,72.3
2007-09-10,69.8
2007-09-11,68.2
2007-09-12,61.3
2007-09-13,62.1
2007-09-14,68.4
2007-09-15,53.2
2007-09-16,53.0
2007-09-17,58.9
2007-09-18,66.6
2007-09-19,71.3
2007-09-20,72.2
2007-09-21,72.4
2007-09-22,74.2
2007-09-23,69.4
2007-09-24,74.3
2007-09-25,78.7
2007-09-26,69.6
2007-09-27,65.8
2007-09-28,62.8
2007-09-29,61.1
2007-09-30,63.2
2007-10-01,65.3
2007-10-02,67.6
2007-10-03,69.1
2007-10-04,69.3
2007-10-05,73.8
2007-10-06,75.3
2007-10-07,76.5
2007-10-08,76.6
2007-10-09,69.9
2007-10-10,54.1
2007-10-11,49.3
2007-10-12,50.0
2007-10-13,48.5
2007-10-14,56.8
2007-10-15,62.4
2007-10-16,63.0
2007-10-17,63.5
2007-10-18,68.7
2007-10-19,64.5
2007-10-20,58.3
2007-10-21,63.2
2007-10-22,62.8
2007-10-23,54.1
2007-10-24,47.9
2007-10-25,51.4
2007-10-26,60.2
2007-10-27,52.5
2007-10-28,45.2
2007-10-29,44.7
2007-10-30,47.2
2007-10-31,52.1
2007-11-01,50.5
2007-11-02,42.4
2007-11-03,43.8
2007-11-04,44.0
2007-11-05,47.7
2007-11-06,38.8
2007-11-07,39.1
2007-11-08,38.6
2007-11-09,45.2
2007-11-10,39.0
2007-11-11,38.1
2007-11-12,53.6
2007-11-13,53.2
2007-11-14,57.5
2007-11-15,40.9
2007-11-16,34.1
2007-11-17,40.2
2007-11-18,40.2
2007-11-19,41.9
2007-11-20,59.3
2007-11-21,60.2
2007-11-22,45.9
2007-11-23,32.7
2007-11-24,30.3
2007-11-25,31.7
2007-11-26,39.4
2007-11-27,37.5
2007-11-28,33.8
2007-11-29,37.5
2007-11-30,31.7
2007-12-01,26.2
2007-12-02,42.5
2007-12-03,31.8
2007-12-04,28.2
2007-12-05,26.9
2007-12-06,18.1
2007-12-07,27.5
2007-12-08,32.9
2007-12-09,32.9
2007-12-10,33.9
2007-12-11,42.6
2007-12-12,42.7
2007-12-13,36.8
2007-12-14,31.9
2007-12-15,29.2
2007-12-16,30.0
2007-12-17,18.1
2007-12-18,26.4
2007-12-19,35.7
2007-12-20,28.0
2007-12-21,37.3
2007-12-22,47.4
2007-12-23,42.8
2007-12-24,28.0
2007-12-25,31.5
2007-12-26,33.0
2007-12-27,35.1
2007-12-28,37.3
2007-12-29,34.6
2007-12-30,29.5
2007-12-31,33.4
2008-01-01,29.8
2008-01-02,11.6
2008-01-03,12.3
2008-01-04,23.2
2008-01-05,36.0
2008-01-06,47.4
2008-01-07,59.2
2008-01-08,59.1
2008-01-09,45.0
2008-01-10,38.5
2008-01-11,41.6
2008-01-12,35.4
2008-01-13,33.5
2008-01-14,27.9
2008-01-15,21.6
2008-01-16,22.7
2008-01-17,31.6
2008-01-18,27.6
2008-01-19,19.5
2008-01-20,6.4
2008-01-21,15.7
2008-01-22,28.5
2008-01-23,16.2
2008-01-24,17.5
2008-01-25,8.9
2008-01-26,24.2
2008-01-27,29.9
2008-01-28,32.5
2008-01-29,45.3
2008-01-30,23.0
2008-01-31,18.6
2008-02-01,31.8
2008-02-02,29.7
2008-02-03,30.3
2008-02-04,39.3
2008-02-05,55.7
2008-02-06,44.4
2008-02-07,31.5
2008-02-08,33.9
2008-02-09,39.5
2008-02-10,20.4
2008-02-11,9.3
2008-02-12,20.9
2008-02-13,19.5
2008-02-14,22.0
2008-02-15,31.9
2008-02-16,26.4
2008-02-17,43.1
2008-02-18,36.8
2008-02-19,17.0
2008-02-20,18.6
2008-02-21,9.2
2008-02-22,23.0
2008-02-23,25.3
2008-02-24,23.7
2008-02-25,30.0
2008-02-26,32.4
2008-02-27,21.0
2008-02-28,18.2
2008-02-29,30.7
2008-03-01,33.2
2008-03-02,38.7
2008-03-03,56.7
2008-03-04,34.5
2008-03-05,28.1
2008-03-06,31.6
2008-03-07,27.4
2008-03-08,19.7
2008-03-09,20.5
2008-03-10,36.5
2008-03-11,31.8
2008-03-12,36.7
2008-03-13,44.5
2008-03-14,45.2
2008-03-15,37.6
2008-03-16,37.5
2008-03-17,34.1
2008-03-18,44.4
2008-03-19,47.5
2008-03-20,38.1
2008-03-21,38.9
2008-03-22,37.1
2008-03-23,30.9
2008-03-24,32.8
2008-03-25,37.3
2008-03-26,47.8
2008-03-27,44.4
2008-03-28,37.5
2008-03-29,34.0
2008-03-30,40.7
2008-03-31,51.7
2008-04-01,51.9
2008-04-02,37.3
2008-04-03,42.2
2008-04-04,50.0
2008-04-05,44.1
2008-04-06,48.7
2008-04-07,59.3
2008-04-08,59.1
2008-04-09,60.1
2008-04-10,52.2
2008-04-11,61.5
2008-04-12,46.9
2008-04-13,37.6
2008-04-14,39.0
2008-04-15,42.1
2008-04-16,52.1
2008-04-17,60.5
2008-04-18,63.5
2008-04-19,59.2
2008-04-20,51.1
2008-04-21,54.5
2008-04-22,62.6
2008-04-23,65.9
2008-04-24,65.5
2008-04-25,71.0
2008-04-26,64.1
2008-04-27,54.2
2008-04-28,49.8
2008-04-29,42.5
2008-04-30,46.9
2008-05-01,60.3
2008-05-02,68.4
2008-05-03,62.1
2008-05-04,51.7
2008-05-05,59.5
2008-05-06,63.7
2008-05-07,64.9
2008-05-08,60.7
2008-05-09,53.2
2008-05-10,53.3
2008-05-11,54.3
2008-05-12,51.5
2008-05-13,54.5
2008-05-14,56.5
2008-05-15,56.1
2008-05-16,53.8
2008-05-17,58.8
2008-05-18,56.8
2008-05-19,51.6
2008-05-20,52.4
2008-05-21,53.3
2008-05-22,55.5
2008-05-23,56.0
2008-05-24,57.2
2008-05-25,60.3
2008-05-26,70.5
2008-05-27,65.7
2008-05-28,53.4
2008-05-29,58.9
2008-05-30,69.4
2008-05-31,74.2
2008-06-01,70.7
2008-06-02,69.2
2008-06-03,70.6
2008-06-04,69.4
2008-06-05,76.7
2008-06-06,80.8
2008-06-07,75.4
2008-06-08,79.1
2008-06-09,80.5
2008-06-10,71.4
2008-06-11,70.7
2008-06-12,75.0
2008-06-13,77.0
2008-06-14,71.8
2008-06-15,73.0
2008-06-16,70.9
2008-06-17,63.6
2008-06-18,64.0
2008-06-19,64.5
2008-06-20,69.9
2008-06-21,69.6
2008-06-22,67.2
2008-06-23,64.7
2008-06-24,67.8
2008-06-25,71.7
2008-06-26,77.5
2008-06-27,72.9
2008-06-28,73.7
2008-06-29,71.0
2008-06-30,64.6
2008-07-01,66.2
2008-07-02,71.8
2008-07-03,71.6
2008-07-04,63.3
2008-07-05,67.9
2008-07-06,71.3
2008-07-07,75.0
2008-07-08,76.2
2008-07-09,74.1
2008-07-10,71.0
2008-07-11,75.7
2008-07-12,77.1
2008-07-13,72.9
2008-07-14,70.2
2008-07-15,72.8
2008-07-16,77.1
2008-07-17,78.7
2008-07-18,79.1
2008-07-19,78.6
2008-07-20,79.9
2008-07-21,75.4
2008-07-22,73.7
2008-07-23,69.2
2008-07-24,70.0
2008-07-25,70.2
2008-07-26,75.0
2008-07-27,71.6
2008-07-28,72.8
2008-07-29,75.9
2008-07-30,77.1
2008-07-31,75.3
2008-08-01,77.5
2008-08-02,75.4
2008-08-03,71.4
2008-08-04,73.9
2008-08-05,74.5
2008-08-06,75.8
2008-08-07,71.7
2008-08-08,66.2
2008-08-09,67.5
2008-08-10,66.0
2008-08-11,63.9
2008-08-12,67.6
2008-08-13,70.3
2008-08-14,67.2
2008-08-15,67.5
2008-08-16,67.6
2008-08-17,69.1
2008-08-18,71.2
2008-08-19,73.0
2008-08-20,70.3
2008-08-21,74.3
2008-08-22,79.7
2008-08-23,78.1
2008-08-24,77.8
2008-08-25,69.6
2008-08-26,65.8
2008-08-27,68.2
2008-08-28,68.4
2008-08-29,76.0
2008-08-30,73.1
2008-08-31,73.1
2008-09-01,71.9
2008-09-02,79.2
2008-09-03,80.2
2008-09-04,76.1
2008-09-05,70.0
2008-09-06,69.0
2008-09-07,66.1
2008-09-08,67.0
2008-09-09,65.4
2008-09-10,60.2
2008-09-11,63.3
2008-09-12,72.1
2008-09-13,75.5
2008-09-14,78.3
2008-09-15,62.2
2008-09-16,62.7
2008-09-17,63.8
2008-09-18,65.5
2008-09-19,62.1
2008-09-20,68.6
2008-09-21,68.1
2008-09-22,68.6
2008-09-23,61.2
2008-09-24,64.3
2008-09-25,66.5
2008-09-26,62.5
2008-09-27,66.5
2008-09-28,63.9
2008-09-29,66.4
2008-09-30,61.8
2008-10-01,54.8
2008-10-02,52.0
2008-10-03,54.7
2008-10-04,56.0
2008-10-05,54.2
2008-10-06,60.5
2008-10-07,60.7
2008-10-08,63.9
2008-10-09,58.0
2008-10-10,60.0
2008-10-11,65.1
2008-10-12,66.8
2008-10-13,66.0
2008-10-14,69.2
2008-10-15,69.2
2008-10-16,59.8
2008-10-17,52.2
2008-10-18,49.1
2008-10-19,45.1
2008-10-20,51.2
2008-10-21,49.3
2008-10-22,41.3
2008-10-23,45.8
2008-10-24,50.1
2008-10-25,48.2
2008-10-26,49.1
2008-10-27,40.8
2008-10-28,36.1
2008-10-29,38.8
2008-10-30,39.5
2008-10-31,52.0
2008-11-01,56.2
2008-11-02,55.1
2008-11-03,59.0
2008-11-04,58.3
2008-11-05,57.6
2008-11-06,57.4
2008-11-07,56.8
2008-11-08,42.8
2008-11-09,37.2
2008-11-10,33.7
2008-11-11,31.0
2008-11-12,43.7
2008-11-13,50.6
2008-11-14,53.5
2008-11-15,43.7
2008-11-16,34.9
2008-11-17,32.8
2008-11-18,27.4
2008-11-19,26.9
2008-11-20,34.3
2008-11-21,26.7
2008-11-22,20.3
2008-11-23,28.3
2008-11-24,36.5
2008-11-25,33.0
2008-11-26,34.0
2008-11-27,33.4
2008-11-28,34.8
2008-11-29,31.6
2008-11-30,34.9
2008-12-01,33.7
2008-12-02,25.3
2008-12-03,32.8
2008-12-04,32.5
2008-12-05,18.0
2008-12-06,20.2
2008-12-07,20.3
2008-12-08,26.2
2008-12-09,44.7
2008-12-10,39.0
2008-12-11,28.4
2008-12-12,26.4
2008-12-13,22.2
2008-12-14,40.3
2008-12-15,42.1
2008-12-16,19.6
2008-12-17,26.6
2008-12-18,25.8
2008-12-19,36.8
2008-12-20,27.0
2008-12-21,20.3
2008-12-22,4.2
2008-12-23,18.4
2008-12-24,40.7
2008-12-25,23.6
2008-12-26,31.4
2008-12-27,58.7
2008-12-28,46.9
2008-12-29,35.3
2008-12-30,35.8
2008-12-31,31.3
2009-01-01,23.1
2009-01-02,34.6
2009-01-03,29.3
2009-01-04,38.3
2009-01-05,29.2
2009-01-06,28.3
2009-01-07,31.1
2009-01-08,20.7
2009-01-09,22.8
2009-01-10,29.6
2009-01-11,25.1
2009-01-12,26.2
2009-01-13,28.6
2009-01-14,13.7
2009-01-15,5.1
2009-01-16,-6.6
2009-01-17,8.4
2009-01-18,24.7
2009-01-19,12.6
2009-01-20,9.8
2009-01-21,12.4
2009-01-22,27.7
2009-01-23,38.3
2009-01-24,24.2
2009-01-25,12.3
2009-01-26,15.8
2009-01-27,18.3
2009-01-28,20.6
2009-01-29,19.7
2009-01-30,20.9
2009-01-31,10.3
2009-02-01,35.1
2009-02-02,30.3
2009-02-03,19.5
2009-02-04,12.2
2009-02-05,10.7
2009-02-06,26.4
2009-02-07,45.1
2009-02-08,42.7
2009-02-09,34.4
2009-02-10,51.7
2009-02-11,55.2
2009-02-12,41.3
2009-02-13,35.3
2009-02-14,33.7
2009-02-15,30.2
2009-02-16,27.6
2009-02-17,28.6
2009-02-18,43.2
2009-02-19,26.0
2009-02-20,20.9
2009-02-21,26.6
2009-02-22,22.6
2009-02-23,20.2
2009-02-24,23.6
2009-02-25,37.2
2009-02-26,48.1
2009-02-27,46.5
2009-02-28,27.3
2009-03-01,22.7
2009-03-02,15.2
2009-03-03,16.3
2009-03-04,27.7
2009-03-05,42.6
2009-03-06,59.8
2009-03-07,61.8
2009-03-08,62.9
2009-03-09,46.2
2009-03-10,54.9
2009-03-11,48.9
2009-03-12,28.4
2009-03-13,29.4
2009-03-14,37.6
2009-03-15,46.1
2009-03-16,48.2
2009-03-17,52.2
2009-03-18,59.7
2009-03-19,47.4
2009-03-20,34.1
2009-03-21,38.4
2009-03-22,47.0
2009-03-23,45.9
2009-03-24,51.9
2009-03-25,57.3
2009-03-26,48.0
2009-03-27,47.6
2009-03-28,48.1
2009-03-29,44.4
2009-03-30,39.9
2009-03-31,48.6
2009-04-01,52.2
2009-04-02,54.8
2009-04-03,52.4
2009-04-04,42.5
2009-04-05,50.4
2009-04-06,39.1
2009-04-07,32.6
2009-04-08,40.9
2009-04-09,44.7
2009-04-10,49.4
2009-04-11,43.7
2009-04-12,42.0
2009-04-13,42.1
2009-04-14,49.6
2009-04-15,41.8
2009-04-16,50.3
2009-04-17,52.8
2009-04-18,59.5
2009-04-19,60.2
2009-04-20,53.0
2009-04-21,43.8
2009-04-22,45.4
2009-04-23,48.9
2009-04-24,67.8
2009-04-25,75.4
2009-04-26,74.3
2009-04-27,74.5
2009-04-28,66.3
2009-04-29,53.5
2009-04-30,63.4
2009-05-01,63.9
2009-05-02,52.9
2009-05-03,58.5
2009-05-04,59.9
2009-05-05,59.4
2009-05-06,58.7
2009-05-07,58.2
2009-05-08,64.7
2009-05-09,62.7
2009-05-10,55.4
2009-05-11,57.9
2009-05-12,54.1
2009-05-13,57.6
2009-05-14,65.5
2009-05-15,63.2
2009-05-16,67.0
2009-05-17,52.1
2009-05-18,52.3
2009-05-19,58.6
2009-05-20,66.8
2009-05-21,69.6
2009-05-22,73.7
2009-05-23,70.9
2009-05-24,74.4
2009-05-25,70.2
2009-05-26,71.4
2009-05-27,72.6
2009-05-28,68.9
2009-05-29,65.1
2009-05-30,65.4
2009-05-31,64.6
2009-06-01,66.5
2009-06-02,73.2
2009-06-03,59.8
2009-06-04,57.3
2009-06-05,59.5
2009-06-06,65.8
2009-06-07,70.4
2009-06-08,72.8
2009-06-09,75.3
2009-06-10,67.8
2009-06-11,68.6
2009-06-12,66.3
2009-06-13,66.6
2009-06-14,66.3
2009-06-15,69.7
2009-06-16,70.6
2009-06-17,73.3
2009-06-18,69.1
2009-06-19,78.7
2009-06-20,78.0
2009-06-21,77.3
2009-06-22,76.4
2009-06-23,75.3
2009-06-24,79.0
2009-06-25,82.4
2009-06-26,77.0
2009-06-27,74.5
2009-06-28,77.8
2009-06-29,71.3
2009-06-30,69.0
2009-07-01,65.3
2009-07-02,62.4
2009-07-03,67.4
2009-07-04,66.5
2009-07-05,67.3
2009-07-06,71.1
2009-07-07,71.9
2009-07-08,70.4
2009-07-09,70.4
2009-07-10,74.3
2009-07-11,72.6
2009-07-12,71.7
2009-07-13,69.3
2009-07-14,68.2
2009-07-15,70.1
2009-07-16,75.6
2009-07-17,71.6
2009-07-18,62.6
2009-07-19,63.6
2009-07-20,66.3
2009-07-21,67.0
2009-07-22,66.8
2009-07-23,66.6
2009-07-24,69.9
2009-07-25,70.6
2009-07-26,70.2
2009-07-27,71.8
2009-07-28,74.6
2009-07-29,73.3
2009-07-30,71.4
2009-07-31,72.1
2009-08-01,70.1
2009-08-02,70.4
2009-08-03,68.1
2009-08-04,70.0
2009-08-05,68.8
2009-08-06,68.1
2009-08-07,67.9
2009-08-08,73.8
2009-08-09,79.5
2009-08-10,77.5
2009-08-11,74.9
2009-08-12,70.9
2009-08-13,71.1
2009-08-14,73.0
2009-08-15,74.8
2009-08-16,79.5
2009-08-17,79.0
2009-08-18,77.5
2009-08-19,75.3
2009-08-20,74.4
2009-08-21,73.2
2009-08-22,64.9
2009-08-23,61.5
2009-08-24,63.7
2009-08-25,68.9
2009-08-26,71.9
2009-08-27,73.0
2009-08-28,73.3
2009-08-29,68.0
2009-08-30,59.7
2009-08-31,58.2
2009-09-01,59.0
2009-09-02,62.4
2009-09-03,65.6
2009-09-04,67.0
2009-09-05,67.6
2009-09-06,67.5
2009-09-07,67.4
2009-09-08,67.6
2009-09-09,67.5
2009-09-10,67.9
2009-09-11,66.6
2009-09-12,62.2
2009-09-13,62.5
2009-09-14,67.7
2009-09-15,70.4
2009-09-16,69.4
2009-09-17,60.9
2009-09-18,63.3
2009-09-19,63.8
2009-09-20,62.9
2009-09-21,70.6
2009-09-22,72.4
2009-09-23,73.2
2009-09-24,67.9
2009-09-25,62.8
2009-09-26,65.3
2009-09-27,62.4
2009-09-28,60.5
2009-09-29,54.8
2009-09-30,51.1
2009-10-01,48.8
2009-10-02,56.7
2009-10-03,55.9
2009-10-04,53.1
2009-10-05,51.3
2009-10-06,52.9
2009-10-07,54.6
2009-10-08,49.8
2009-10-09,55.8
2009-10-10,50.0
2009-10-11,44.2
2009-10-12,45.9
2009-10-13,52.0
2009-10-14,43.3
2009-10-15,42.0
2009-10-16,39.5
2009-10-17,39.4
2009-10-18,38.9
2009-10-19,44.7
2009-10-20,54.2
2009-10-21,56.0
2009-10-22,57.4
2009-10-23,59.4
2009-10-24,49.5
2009-10-25,45.7
2009-10-26,50.7
2009-10-27,52.3
2009-10-28,52.4
2009-10-29,55.1
2009-10-30,64.0
2009-10-31,54.2
2009-11-01,41.1
2009-11-02,43.8
2009-11-03,44.3
2009-11-04,41.5
2009-11-05,44.7
2009-11-06,41.2
2009-11-07,53.2
2009-11-08,57.7
2009-11-09,58.0
2009-11-10,54.4
2009-11-11,48.1
2009-11-12,40.0
2009-11-13,44.4
2009-11-14,51.4
2009-11-15,55.2
2009-11-16,50.3
2009-11-17,47.3
2009-11-18,51.7
2009-11-19,46.3
2009-11-20,43.3
2009-11-21,42.5
2009-11-22,43.8
2009-11-23,45.2
2009-11-24,46.9
2009-11-25,48.2
2009-11-26,39.8
2009-11-27,34.9
2009-11-28,37.0
2009-11-29,48.9
2009-11-30,41.5
2009-12-01,36.9
2009-12-02,39.9
2009-12-03,40.2
2009-12-04,29.8
2009-12-05,23.7
2009-12-06,25.2
2009-12-07,29.4
2009-12-08,33.0
2009-12-09,38.9
2009-12-10,19.2
2009-12-11,21.3
2009-12-12,27.6
2009-12-13,36.9
2009-12-14,43.2
2009-12-15,36.2
2009-12-16,21.3
2009-12-17,26.6
2009-12-18,31.9
2009-12-19,32.8
2009-12-20,28.2
2009-12-21,29.2
2009-12-22,29.8
2009-12-23,30.8
2009-12-24,30.9
2009-12-25,41.1
2009-12-26,33.3
2009-12-27,32.7
2009-12-28,22.0
2009-12-29,24.4
2009-12-30,24.1
2009-12-31,34.5
2010-01-01,21.8
2010-01-02,14.2
2010-01-03,9.6
2010-01-04,16.8
2010-01-05,16.6
2010-01-06,18.3
2010-01-07,20.3
2010-01-08,13.9
2010-01-09,17.7
2010-01-10,9.4
2010-01-11,18.9
2010-01-12,21.0
2010-01-13,20.2
2010-01-14,30.8
2010-01-15,38.0
2010-01-16,36.6
2010-01-17,35.3
2010-01-18,29.0
2010-01-19,31.0
2010-01-20,28.6
2010-01-21,33.6
2010-01-22,38.7
2010-01-23,39.9
2010-01-24,45.6
2010-01-25,38.7
2010-01-26,24.1
2010-01-27,22.5
2010-01-28,24.3
2010-01-29,11.7
2010-01-30,16.7
2010-01-31,16.7
2010-02-01,23.3
2010-02-02,32.3
2010-02-03,31.5
2010-02-04,27.5
2010-02-05,33.3
2010-02-06,25.6
2010-02-07,13.6
2010-02-08,11.0
2010-02-09,23.3
2010-02-10,18.7
2010-02-11,23.2
2010-02-12,17.1
2010-02-13,19.9
2010-02-14,18.9
2010-02-15,20.8
2010-02-16,23.5
2010-02-17,26.2
2010-02-18,29.2
2010-02-19,24.6
2010-02-20,28.4
2010-02-21,36.1
2010-02-22,36.7
2010-02-23,32.3
2010-02-24,28.5
2010-02-25,22.2
2010-02-26,25.5
2010-02-27,28.2
2010-02-28,32.0
2010-03-01,33.8
2010-03-02,28.2
2010-03-03,28.9
2010-03-04,30.4
2010-03-05,29.1
2010-03-06,30.6
2010-03-07,33.6
2010-03-08,42.6
2010-03-09,45.7
2010-03-10,54.5
2010-03-11,53.9
2010-03-12,54.2
2010-03-13,48.9
2010-03-14,39.4
2010-03-15,39.8
2010-03-16,46.2
2010-03-17,46.6
2010-03-18,49.4
2010-03-19,51.0
2010-03-20,55.2
2010-03-21,47.0
2010-03-22,42.1
2010-03-23,41.5
2010-03-24,48.0
2010-03-25,50.3
2010-03-26,31.1
2010-03-27,37.0
2010-03-28,49.1
2010-03-29,43.8
2010-03-30,40.3
2010-03-31,52.8
2010-04-01,65.3
2010-04-02,70.3
2010-04-03,63.9
2010-04-04,56.4
2010-04-05,68.1
2010-04-06,69.4
2010-04-07,71.6
2010-04-08,53.4
2010-04-09,42.4
2010-04-10,48.8
2010-04-11,59.5
2010-04-12,57.1
2010-04-13,57.9
2010-04-14,58.3
2010-04-15,66.6
2010-04-16,66.4
2010-04-17,49.1
2010-04-18,44.3
2010-04-19,48.9
2010-04-20,52.6
2010-04-21,55.2
2010-04-22,57.0
2010-04-23,58.5
2010-04-24,59.3
2010-04-25,59.6
2010-04-26,51.9
2010-04-27,46.2
2010-04-28,47.0
2010-04-29,54.9
2010-04-30,68.3
2010-05-01,68.2
2010-05-02,65.0
2010-05-03,66.8
2010-05-04,62.7
2010-05-05,68.1
2010-05-06,63.1
2010-05-07,64.9
2010-05-08,52.3
2010-05-09,46.8
2010-05-10,48.6
2010-05-11,55.7
2010-05-12,60.6
2010-05-13,53.8
2010-05-14,69.5
2010-05-15,62.0
2010-05-16,60.5
2010-05-17,56.4
2010-05-18,55.7
2010-05-19,55.8
2010-05-20,59.9
2010-05-21,65.7
2010-05-22,65.8
2010-05-23,70.0
2010-05-24,74.4
2010-05-25,73.0
2010-05-26,77.1
2010-05-27,71.7
2010-05-28,73.3
2010-05-29,74.3
2010-05-30,73.6
2010-05-31,76.9
2010-06-01,69.5
2010-06-02,74.1
2010-06-03,70.1
2010-06-04,67.8
2010-06-05,75.1
2010-06-06,72.0
2010-06-07,64.1
2010-06-08,64.5
2010-06-09,68.7
2010-06-10,71.2
2010-06-11,73.9
2010-06-12,76.1
2010-06-13,74.3
2010-06-14,75.5
2010-06-15,74.4
2010-06-16,74.6
2010-06-17,72.7
2010-06-18,75.3
2010-06-19,75.0
2010-06-20,75.4
2010-06-21,74.0
2010-06-22,74.7
2010-06-23,80.0
2010-06-24,75.3
2010-06-25,72.9
2010-06-26,76.4
2010-06-27,80.4
2010-06-28,75.6
2010-06-29,69.8
2010-06-30,65.1
2010-07-01,65.5
2010-07-02,65.9
2010-07-03,70.5
2010-07-04,78.6
2010-07-05,81.2
2010-07-06,81.1
2010-07-07,81.1
2010-07-08,82.0
2010-07-09,74.9
2010-07-10,73.8
2010-07-11,76.6
2010-07-12,76.3
2010-07-13,74.2
2010-07-14,74.4
2010-07-15,80.1
2010-07-16,79.3
2010-07-17,78.7
2010-07-18,77.4
2010-07-19,77.9
2010-07-20,77.1
2010-07-21,76.9
2010-07-22,78.6
2010-07-23,82.7
2010-07-24,84.2
2010-07-25,78.7
2010-07-26,73.4
2010-07-27,74.8
2010-07-28,79.7
2010-07-29,76.0
2010-07-30,71.0
2010-07-31,71.2
2010-08-01,73.4
2010-08-02,76.6
2010-08-03,79.6
2010-08-04,82.2
2010-08-05,77.4
2010-08-06,73.8
2010-08-07,71.6
2010-08-08,75.1
2010-08-09,72.3
2010-08-10,83.5
2010-08-11,80.3
2010-08-12,80.1
2010-08-13,79.7
2010-08-14,79.8
2010-08-15,77.7
2010-08-16,74.8
2010-08-17,71.4
2010-08-18,74.3
2010-08-19,75.6
2010-08-20,78.2
2010-08-21,75.9
2010-08-22,74.2
2010-08-23,70.4
2010-08-24,69.9
2010-08-25,73.1
2010-08-26,65.3
2010-08-27,65.9
2010-08-28,69.9
2010-08-29,77.1
2010-08-30,75.4
2010-08-31,79.7
2010-09-01,79.6
2010-09-02,72.9
2010-09-03,74.3
2010-09-04,63.4
2010-09-05,60.4
2010-09-06,69.8
2010-09-07,77.1
2010-09-08,66.9
2010-09-09,59.9
2010-09-10,63.2
2010-09-11,63.4
2010-09-12,66.4
2010-09-13,71.3
2010-09-14,67.1
2010-09-15,66.8
2010-09-16,73.5
2010-09-17,62.6
2010-09-18,66.2
2010-09-19,71.7
2010-09-20,68.6
2010-09-21,74.7
2010-09-22,75.7
2010-09-23,75.5
2010-09-24,79.5
2010-09-25,63.4
2010-09-26,55.8
2010-09-27,52.9
2010-09-28,55.9
2010-09-29,58.8
2010-09-30,61.9
2010-10-01,58.1
2010-10-02,52.9
2010-10-03,47.6
2010-10-04,49.4
2010-10-05,51.5
2010-10-06,54.9
2010-10-07,61.5
2010-10-08,60.1
2010-10-09,65.4
2010-10-10,69.6
2010-10-11,69.5
2010-10-12,65.7
2010-10-13,59.8
2010-10-14,55.2
2010-10-15,53.6
2010-10-16,51.0
2010-10-17,57.6
2010-10-18,51.1
2010-10-19,48.4
2010-10-20,51.5
2010-10-21,52.7
2010-10-22,45.9
2010-10-23,57.4
2010-10-24,66.1
2010-10-25,66.0
2010-10-26,63.7
2010-10-27,56.4
2010-10-28,50.6
2010-10-29,42.9
2010-10-30,44.8
2010-10-31,46.2
2010-11-01,39.4
2010-11-02,39.0
2010-11-03,41.0
2010-11-04,45.1
2010-11-05,39.5
2010-11-06,34.8
2010-11-07,36.9
2010-11-08,48.6
2010-11-09,50.7
2010-11-10,52.4
2010-11-11,52.1
2010-11-12,52.7
2010-11-13,54.3
2010-11-14,47.8
2010-11-15,39.3
2010-11-16,40.6
2010-11-17,43.0
2010-11-18,38.3
2010-11-19,37.5
2010-11-20,39.6
2010-11-21,46.3
2010-11-22,63.3
2010-11-23,52.4
2010-11-24,29.4
2010-11-25,45.7
2010-11-26,31.9
2010-11-27,32.3
2010-11-28,30.3
2010-11-29,39.0
2010-11-30,50.8
2010-12-01,29.5
2010-12-02,28.3
2010-12-03,30.1
2010-12-04,27.7
2010-12-05,25.7
2010-12-06,18.3
2010-12-07,16.5
2010-12-08,16.2
2010-12-09,17.6
2010-12-10,32.7
2010-12-11,36.2
2010-12-12,31.3
2010-12-13,17.7
2010-12-14,12.7
2010-12-15,12.9
2010-12-16,19.7
2010-12-17,21.9
2010-12-18,18.5
2010-12-19,18.9
2010-12-20,24.8
2010-12-21,26.3
2010-12-22,27.7
2010-12-23,27.5
2010-12-24,28.7
2010-12-25,25.1
2010-12-26,23.5
2010-12-27,20.2
2010-12-28,22.2
2010-12-29,30.3
2010-12-30,39.3
2010-12-31,50.8
2011-01-01,50.8
2011-01-02,23.8
2011-01-03,25.0
2011-01-04,31.9
2011-01-05,22.2
2011-01-06,27.2
2011-01-07,20.6
2011-01-08,16.2
2011-01-09,14.8
2011-01-10,18.8
2011-01-11,22.3
2011-01-12,23.1
2011-01-13,22.1
2011-01-14,22.0
2011-01-15,29.3
2011-01-16,19.9
2011-01-17,19.6
2011-01-18,36.4
2011-01-19,31.0
2011-01-20,25.5
2011-01-21,10.3
2011-01-22,5.5
2011-01-23,13.8
2011-01-24,17.5
2011-01-25,31.3
2011-01-26,25.3
2011-01-27,26.6
2011-01-28,28.0
2011-01-29,27.9
2011-01-30,29.8
2011-01-31,20.5
2011-02-01,25.4
2011-02-02,27.6
2011-02-03,18.3
2011-02-04,20.2
2011-02-05,28.9
2011-02-06,29.6
2011-02-07,33.1
2011-02-08,22.0
2011-02-09,10.9
2011-02-10,8.4
2011-02-11,20.8
2011-02-12,31.2
2011-02-13,38.4
2011-02-14,42.3
2011-02-15,30.6
2011-02-16,41.5
2011-02-17,55.4
2011-02-18,56.0
2011-02-19,38.9
2011-02-20,32.2
2011-02-21,38.0
2011-02-22,24.9
2011-02-23,24.6
2011-02-24,35.6
2011-02-25,30.9
2011-02-26,30.3
2011-02-27,40.8
2011-02-28,47.4
2011-03-01,32.7
2011-03-02,37.5
2011-03-03,32.7
2011-03-04,43.2
2011-03-05,48.4
2011-03-06,30.9
2011-03-07,31.1
2011-03-08,39.6
2011-03-09,45.4
2011-03-10,40.6
2011-03-11,34.9
2011-03-12,44.3
2011-03-13,38.2
2011-03-14,38.3
2011-03-15,41.7
2011-03-16,46.1
2011-03-17,52.6
2011-03-18,59.8
2011-03-19,43.3
2011-03-20,46.5
2011-03-21,62.5
2011-03-22,53.8
2011-03-23,55.5
2011-03-24,35.0
2011-03-25,34.0
2011-03-26,29.8
2011-03-27,30.0
2011-03-28,30.8
2011-03-29,34.6
2011-03-30,34.2
2011-03-31,31.4
2011-04-01,39.3
2011-04-02,41.3
2011-04-03,47.1
2011-04-04,62.8
2011-04-05,41.9
2011-04-06,49.6
2011-04-07,49.2
2011-04-08,52.9
2011-04-09,52.8
2011-04-10,65.4
2011-04-11,66.3
2011-04-12,49.6
2011-04-13,48.9
2011-04-14,55.7
2011-04-15,54.6
2011-04-16,52.0
2011-04-17,46.8
2011-04-18,57.1
2011-04-19,48.0
2011-04-20,53.3
2011-04-21,44.2
2011-04-22,46.7
2011-04-23,62.5
2011-04-24,59.0
2011-04-25,60.8
2011-04-26,64.1
2011-04-27,64.0
2011-04-28,53.1
2011-04-29,49.5
2011-04-30,54.2
2011-05-01,63.0
2011-05-02,52.2
2011-05-03,46.2
2011-05-04,46.4
2011-05-05,48.0
2011-05-06,54.1
2011-05-07,55.7
2011-05-08,55.5
2011-05-09,60.2
2011-05-10,67.5
2011-05-11,73.1
2011-05-12,76.8
2011-05-13,73.5
2011-05-14,65.6
2011-05-15,57.5
2011-05-16,46.1
2011-05-17,45.6
2011-05-18,51.7
2011-05-19,57.9
2011-05-20,64.0
2011-05-21,68.6
2011-05-22,72.0
2011-05-23,70.9
2011-05-24,67.1
2011-05-25,71.0
2011-05-26,64.2
2011-05-27,59.3
2011-05-28,62.4
2011-05-29,76.1
2011-05-30,79.5
2011-05-31,81.2
2011-06-01,78.5
2011-06-02,69.8
2011-06-03,67.5
2011-06-04,75.8
2011-06-05,73.9
2011-06-06,75.2
2011-06-07,80.4
2011-06-08,82.8
2011-06-09,80.7
2011-06-10,74.4
2011-06-11,72.7
2011-06-12,67.7
2011-06-13,63.9
2011-06-14,65.0
2011-06-15,61.5
2011-06-16,68.1
2011-06-17,73.9
2011-06-18,73.3
2011-06-19,69.5
2011-06-20,67.6
2011-06-21,74.8
2011-06-22,73.2
2011-06-23,70.7
2011-06-24,65.5
2011-06-25,68.2
2011-06-26,68.9
2011-06-27,67.9
2011-06-28,74.7
2011-06-29,70.0
2011-06-30,74.0
2011-07-01,76.9
2011-07-02,77.1
2011-07-03,80.4
2011-07-04,77.7
2011-07-05,75.4
2011-07-06,79.0
2011-07-07,79.5
2011-07-08,75.8
2011-07-09,75.4
2011-07-10,78.0
2011-07-11,80.5
2011-07-12,79.6
2011-07-13,76.9
2011-07-14,70.3
2011-07-15,72.9
2011-07-16,76.9
2011-07-17,80.5
2011-07-18,83.1
2011-07-19,84.6
2011-07-20,85.1
2011-07-21,83.6
2011-07-22,86.9
2011-07-23,84.3
2011-07-24,81.6
2011-07-25,77.9
2011-07-26,79.1
2011-07-27,80.1
2011-07-28,86.2
2011-07-29,84.7
2011-07-30,78.7
2011-07-31,80.2
2011-08-01,81.7
2011-08-02,82.2
2011-08-03,79.5
2011-08-04,77.1
2011-08-05,77.5
2011-08-06,79.6
2011-08-07,79.2
2011-08-08,76.0
2011-08-09,74.5
2011-08-10,71.4
2011-08-11,66.1
2011-08-12,68.9
2011-08-13,74.1
2011-08-14,68.0
2011-08-15,68.3
2011-08-16,70.2
2011-08-17,72.8
2011-08-18,77.1
2011-08-19,75.6
2011-08-20,75.1
2011-08-21,76.9
2011-08-22,68.9
2011-08-23,71.5
2011-08-24,79.9
2011-08-25,77.9
2011-08-26,72.8
2011-08-27,71.3
2011-08-28,70.2
2011-08-29,68.4
2011-08-30,66.6
2011-08-31,71.9
2011-09-01,82.1
2011-09-02,84.7
2011-09-03,84.0
2011-09-04,72.5
2011-09-05,60.9
2011-09-06,57.5
2011-09-07,59.2
2011-09-08,59.6
2011-09-09,62.9
2011-09-10,65.0
2011-09-11,67.8
2011-09-12,68.3
2011-09-13,72.6
2011-09-14,64.8
2011-09-15,55.3
2011-09-16,50.4
2011-09-17,57.4
2011-09-18,59.4
2011-09-19,64.9
2011-09-20,65.3
2011-09-21,67.5
2011-09-22,64.9
2011-09-23,56.4
2011-09-24,56.5
2011-09-25,61.6
2011-09-26,62.8
2011-09-27,56.8
2011-09-28,56.1
2011-09-29,58.5
2011-09-30,52.6
2011-10-01,44.5
2011-10-02,46.0
2011-10-03,53.0
2011-10-04,56.9
2011-10-05,61.5
2011-10-06,63.0
2011-10-07,64.5
2011-10-08,64.8
2011-10-09,63.1
2011-10-10,64.4
2011-10-11,63.4
2011-10-12,61.3
2011-10-13,58.0
2011-10-14,56.4
2011-10-15,52.6
2011-10-16,58.0
2011-10-17,52.3
2011-10-18,49.3
2011-10-19,47.7
2011-10-20,44.8
2011-10-21,46.2
2011-10-22,45.8
2011-10-23,50.3
2011-10-24,54.1
2011-10-25,51.0
2011-10-26,63.3
2011-10-27,47.8
2011-10-28,40.5
2011-10-29,41.0
2011-10-30,41.5
2011-10-31,47.5
2011-11-01,45.1
2011-11-02,52.9
2011-11-03,52.3
2011-11-04,48.0
2011-11-05,41.5
2011-11-06,46.2
2011-11-07,54.3
2011-11-08,57.6
2011-11-09,56.8
2011-11-10,39.7
2011-11-11,34.7
2011-11-12,46.2
2011-11-13,56.5
2011-11-14,63.9
2011-11-15,54.4
2011-11-16,50.7
2011-11-17,35.8
2011-11-18,33.7
2011-11-19,44.6
2011-11-20,56.3
2011-11-21,44.5
2011-11-22,46.7
2011-11-23,45.8
2011-11-24,41.0
2011-11-25,46.5
2011-11-26,54.1
2011-11-27,55.3
2011-11-28,43.1
2011-11-29,42.8
2011-11-30,33.8
2011-12-01,31.9
2011-12-02,34.7
2011-12-03,38.6
2011-12-04,48.1
2011-12-05,45.3
2011-12-06,34.3
2011-12-07,32.0
2011-12-08,28.8
2011-12-09,32.8
2011-12-10,22.8
2011-12-11,24.7
2011-12-12,29.9
2011-12-13,34.6
2011-12-14,44.5
2011-12-15,53.7
2011-12-16,32.6
2011-12-17,30.5
2011-12-18,34.2
2011-12-19,41.8
2011-12-20,41.8
2011-12-21,50.4
2011-12-22,42.9
2011-12-23,35.6
2011-12-24,31.8
2011-12-25,34.1
2011-12-26,36.0
2011-12-27,34.2
2011-12-28,30.5
2011-12-29,35.3
2011-12-30,43.3
2011-12-31,39.7
2012-01-01,39.8
2012-01-02,25.2
2012-01-03,19.3
2012-01-04,24.1
2012-01-05,32.3
2012-01-06,42.7
2012-01-07,42.4
2012-01-08,33.1
2012-01-09,34.8
2012-01-10,35.7
2012-01-11,37.1
2012-01-12,39.2
2012-01-13,16.0
2012-01-14,17.9
2012-01-15,16.1
2012-01-16,32.1
2012-01-17,47.1
2012-01-18,27.9
2012-01-19,24.4
2012-01-20,12.2
2012-01-21,20.3
2012-01-22,27.0
2012-01-23,44.8
2012-01-24,31.9
2012-01-25,26.5
2012-01-26,34.5
2012-01-27,34.8
2012-01-28,32.1
2012-01-29,29.2
2012-01-30,33.0
2012-01-31,52.2
2012-02-01,53.5
2012-02-02,40.7
2012-02-03,39.1
2012-02-04,39.8
2012-02-05,37.8
2012-02-06,35.9
2012-02-07,33.2
2012-02-08,32.3
2012-02-09,28.8
2012-02-10,30.1
2012-02-11,22.0
2012-02-12,18.8
2012-02-13,25.8
2012-02-14,32.5
2012-02-15,34.0
2012-02-16,44.0
2012-02-17,37.6
2012-02-18,38.1
2012-02-19,29.6
2012-02-20,28.3
2012-02-21,39.2
2012-02-22,44.7
2012-02-23,43.8
2012-02-24,40.3
2012-02-25,29.8
2012-02-26,29.9
2012-02-27,43.9
2012-02-28,34.7
2012-02-29,54.1
2012-03-01,43.8
2012-03-02,43.5
2012-03-03,37.1
2012-03-04,30.5
2012-03-05,29.8
2012-03-06,38.5
2012-03-07,56.6
2012-03-08,55.0
2012-03-09,37.6
2012-03-10,33.8
2012-03-11,48.5
2012-03-12,55.2
2012-03-13,64.0
2012-03-14,63.6
2012-03-15,66.9
2012-03-16,64.0
2012-03-17,62.9
2012-03-18,66.6
2012-03-19,70.1
2012-03-20,71.1
2012-03-21,72.0
2012-03-22,71.4
2012-03-23,66.0
2012-03-24,59.1
2012-03-25,57.5
2012-03-26,49.8
2012-03-27,41.9
2012-03-28,62.9
2012-03-29,51.3
2012-03-30,52.6
2012-03-31,46.8
2012-04-01,51.1
2012-04-02,54.7
2012-04-03,58.6
2012-04-04,60.6
2012-04-05,47.0
2012-04-06,43.6
2012-04-07,48.0
2012-04-08,56.4
2012-04-09,52.1
2012-04-10,45.0
2012-04-11,38.6
2012-04-12,45.4
2012-04-13,51.2
2012-04-14,55.2
2012-04-15,65.4
2012-04-16,68.1
2012-04-17,53.1
2012-04-18,53.8
2012-04-19,54.6
2012-04-20,63.8
2012-04-21,45.7
2012-04-22,42.1
2012-04-23,45.6
2012-04-24,49.2
2012-04-25,53.4
2012-04-26,57.1
2012-04-27,45.5
2012-04-28,46.0
2012-04-29,51.4
2012-04-30,64.8
2012-05-01,64.1
2012-05-02,70.6
2012-05-03,76.7
2012-05-04,71.6
2012-05-05,67.9
2012-05-06,65.4
2012-05-07,70.3
2012-05-08,64.9
2012-05-09,59.5
2012-05-10,55.2
2012-05-11,58.3
2012-05-12,62.9
2012-05-13,62.4
2012-05-14,64.1
2012-05-15,67.9
2012-05-16,67.4
2012-05-17,58.7
2012-05-18,62.2
2012-05-19,70.6
2012-05-20,74.9
2012-05-21,72.5
2012-05-22,65.1
2012-05-23,67.0
2012-05-24,72.4
2012-05-25,77.5
2012-05-26,80.0
2012-05-27,81.9
2012-05-28,82.9
2012-05-29,76.3
2012-05-30,71.2
2012-05-31,65.7
2012-06-01,61.4
2012-06-02,58.3
2012-06-03,64.7
2012-06-04,69.3
2012-06-05,61.6
2012-06-06,61.2
2012-06-07,67.8
2012-06-08,65.2
2012-06-09,74.6
2012-06-10,76.7
2012-06-11,73.7
2012-06-12,75.5
2012-06-13,66.3
2012-06-14,66.6
2012-06-15,73.5
2012-06-16,78.3
2012-06-17,76.9
2012-06-18,77.5
2012-06-19,81.2
2012-06-20,82.5
2012-06-21,82.5
2012-06-22,76.5
2012-06-23,74.4
2012-06-24,74.4
2012-06-25,77.2
2012-06-26,66.1
2012-06-27,72.7
2012-06-28,84.3
2012-06-29,85.9
2012-06-30,75.4
2012-07-01,78.9
2012-07-02,77.5
2012-07-03,84.2
2012-07-04,86.4
2012-07-05,86.0
2012-07-06,87.8
2012-07-07,91.2
2012-07-08,84.1
2012-07-09,77.5
2012-07-10,79.1
2012-07-11,78.0
2012-07-12,78.4
2012-07-13,77.9
2012-07-14,76.6
2012-07-15,79.4
2012-07-16,82.8
2012-07-17,86.9
2012-07-18,81.4
2012-07-19,75.3
2012-07-20,74.4
2012-07-21,70.1
2012-07-22,78.6
2012-07-23,83.7
2012-07-24,79.2
2012-07-25,78.0
2012-07-26,82.5
2012-07-27,79.0
2012-07-28,72.1
2012-07-29,73.8
2012-07-30,77.1
2012-07-31,78.1
2012-08-01,78.0
2012-08-02,77.6
2012-08-03,80.7
2012-08-04,78.2
2012-08-05,78.0
2012-08-06,71.9
2012-08-07,74.0
2012-08-08,80.7
2012-08-09,75.8
2012-08-10,69.2
2012-08-11,64.5
2012-08-12,66.4
2012-08-13,71.1
2012-08-14,71.3
2012-08-15,70.8
2012-08-16,74.3
2012-08-17,71.1
2012-08-18,66.2
2012-08-19,64.1
2012-08-20,66.7
2012-08-21,68.0
2012-08-22,69.8
2012-08-23,73.5
2012-08-24,76.5
2012-08-25,78.3
2012-08-26,78.1
2012-08-27,77.6
2012-08-28,73.2
2012-08-29,71.3
2012-08-30,72.4
2012-08-31,78.2
2012-09-01,80.4
2012-09-02,75.1
2012-09-03,74.1
2012-09-04,76.1
2012-09-05,74.4
2012-09-06,73.1
2012-09-07,75.8
2012-09-08,66.1
2012-09-09,62.1
2012-09-10,62.8
2012-09-11,65.1
2012-09-12,68.9
2012-09-13,73.5
2012-09-14,64.4
2012-09-15,59.0
2012-09-16,63.2
2012-09-17,65.9
2012-09-18,64.4
2012-09-19,53.5
2012-09-20,59.9
2012-09-21,60.5
2012-09-22,56.7
2012-09-23,50.7
2012-09-24,51.0
2012-09-25,57.1
2012-09-26,65.1
2012-09-27,64.4
2012-09-28,59.0
2012-09-29,60.0
2012-09-30,57.2
2012-10-01,54.7
2012-10-02,57.7
2012-10-03,61.9
2012-10-04,64.1
2012-10-05,60.8
2012-10-06,45.5
2012-10-07,45.0
2012-10-08,42.6
2012-10-09,47.5
2012-10-10,49.8
2012-10-11,43.8
2012-10-12,49.4
2012-10-13,50.9
2012-10-14,66.6
2012-10-15,54.6
2012-10-16,47.8
2012-10-17,60.5
2012-10-18,59.7
2012-10-19,50.1
2012-10-20,48.5
2012-10-21,48.8
2012-10-22,58.4
2012-10-23,67.4
2012-10-24,68.5
2012-10-25,65.9
2012-10-26,55.6
2012-10-27,45.4
2012-10-28,44.3
2012-10-29,40.5
2012-10-30,37.8
2012-10-31,38.9
2012-11-01,42.2
2012-11-02,42.5
2012-11-03,38.4
2012-11-04,37.3
2012-11-05,34.9
2012-11-06,36.6
2012-11-07,41.4
2012-11-08,38.3
2012-11-09,42.8
2012-11-10,56.5
2012-11-11,60.2
2012-11-12,52.2
2012-11-13,32.7
2012-11-14,31.6
2012-11-15,33.7
2012-11-16,35.7
2012-11-17,39.8
2012-11-18,42.7
2012-11-19,39.6
2012-11-20,48.5
2012-11-21,50.8
2012-11-22,49.0
2012-11-23,46.6
2012-11-24,29.5
2012-11-25,33.4
2012-11-26,39.5
2012-11-27,33.2
2012-11-28,30.7
2012-11-29,34.7
2012-11-30,42.3
2012-12-01,52.0
2012-12-02,55.1
2012-12-03,59.8
2012-12-04,58.9
2012-12-05,39.2
2012-12-06,33.1
2012-12-07,45.4
2012-12-08,49.7
2012-12-09,44.5
2012-12-10,44.7
2012-12-11,31.7
2012-12-12,31.0
2012-12-13,33.1
2012-12-14,39.0
2012-12-15,43.1
2012-12-16,52.1
2012-12-17,44.1
2012-12-18,39.1
2012-12-19,40.0
2012-12-20,44.7
2012-12-21,30.3
2012-12-22,27.6
2012-12-23,30.7
2012-12-24,31.8
2012-12-25,31.8
2012-12-26,30.6
2012-12-27,26.5
2012-12-28,26.2
2012-12-29,28.6
2012-12-30,23.6
2012-12-31,27.7
2013-01-01,29.9
2013-01-02,18.3
2013-01-03,19.6
2013-01-04,26.7
2013-01-05,27.1
2013-01-06,33.2
2013-01-07,28.0
2013-01-08,32.9
2013-01-09,39.5
2013-01-10,34.3
2013-01-11,49.3
2013-01-12,55.4
2013-01-13,57.1
2013-01-14,32.3
2013-01-15,26.3
2013-01-16,30.8
2013-01-17,33.3
2013-01-18,26.8
2013-01-19,40.8
2013-01-20,34.1
2013-01-21,20.8
2013-01-22,9.5
2013-01-23,14.0
2013-01-24,16.0
2013-01-25,18.7
2013-01-26,24.2
2013-01-27,23.2
2013-01-28,41.1
2013-01-29,54.2
2013-01-30,58.3
2013-01-31,28.3
2013-02-01,12.1
2013-02-02,18.7
2013-02-03,21.5
2013-02-04,22.0
2013-02-05,28.0
2013-02-06,32.7
2013-02-07,35.9
2013-02-08,38.2
2013-02-09,28.0
2013-02-10,28.8
2013-02-11,45.1
2013-02-12,35.8
2013-02-13,31.0
2013-02-14,35.8
2013-02-15,32.6
2013-02-16,22.5
2013-02-17,18.9
2013-02-18,31.3
2013-02-19,36.5
2013-02-20,19.6
2013-02-21,22.3
2013-02-22,30.6
2013-02-23,33.5
2013-02-24,30.0
2013-02-25,31.7
2013-02-26,36.9
2013-02-27,39.0
2013-02-28,33.4
2013-03-01,33.0
2013-03-02,26.9
2013-03-03,27.0
2013-03-04,28.2
2013-03-05,34.0
2013-03-06,30.6
2013-03-07,32.7
2013-03-08,32.4
2013-03-09,36.5
2013-03-10,54.5
2013-03-11,51.6
2013-03-12,35.9
2013-03-13,30.0
2013-03-14,29.2
2013-03-15,36.7
2013-03-16,42.6
2013-03-17,33.2
2013-03-18,37.1
2013-03-19,34.4
2013-03-20,30.6
2013-03-21,23.8
2013-03-22,29.1
2013-03-23,35.8
2013-03-24,32.5
2013-03-25,30.6
2013-03-26,31.1
2013-03-27,34.7
2013-03-28,37.1
2013-03-29,40.4
2013-03-30,43.9
2013-03-31,49.5
2013-04-01,41.9
2013-04-02,33.0
2013-04-03,34.7
2013-04-04,39.3
2013-04-05,46.0
2013-04-06,45.7
2013-04-07,63.2
2013-04-08,61.8
2013-04-09,66.9
2013-04-10,71.7
2013-04-11,60.1
2013-04-12,47.6
2013-04-13,43.0
2013-04-14,48.7
2013-04-15,57.1
2013-04-16,63.0
2013-04-17,56.6
2013-04-18,70.0
2013-04-19,54.8
2013-04-20,39.0
2013-04-21,39.9
2013-04-22,50.2
2013-04-23,59.0
2013-04-24,52.0
2013-04-25,43.0
2013-04-26,46.2
2013-04-27,54.4
2013-04-28,57.7
2013-04-29,57.8
2013-04-30,60.2
2013-05-01,67.7
2013-05-02,65.8
2013-05-03,65.9
2013-05-04,63.6
2013-05-05,60.6
2013-05-06,59.0
2013-05-07,58.1
2013-05-08,63.3
2013-05-09,65.8
2013-05-10,64.3
2013-05-11,53.5
2013-05-12,44.9
2013-05-13,48.5
2013-05-14,58.6
2013-05-15,76.1
2013-05-16,72.0
2013-05-17,68.5
2013-05-18,68.3
2013-05-19,70.7
2013-05-20,75.2
2013-05-21,76.2
2013-05-22,71.7
2013-05-23,64.3
2013-05-24,53.4
2013-05-25,54.6
2013-05-26,59.4
2013-05-27,60.3
2013-05-28,75.5
2013-05-29,77.1
2013-05-30,78.2
2013-05-31,76.3
2013-06-01,72.9
2013-06-02,70.7
2013-06-03,59.8
2013-06-04,61.5
2013-06-05,66.7
2013-06-06,65.2
2013-06-07,63.4
2013-06-08,63.5
2013-06-09,71.8
2013-06-10,70.3
2013-06-11,72.0
2013-06-12,78.1
2013-06-13,73.7
2013-06-14,67.6
2013-06-15,70.3
2013-06-16,72.8
2013-06-17,74.4
2013-06-18,75.6
2013-06-19,67.8
2013-06-20,71.0
2013-06-21,75.7
2013-06-22,78.2
2013-06-23,73.3
2013-06-24,75.5
2013-06-25,78.9
2013-06-26,76.7
2013-06-27,74.9
2013-06-28,74.8
2013-06-29,67.8
2013-06-30,68.7
2013-07-01,68.6
2013-07-02,71.6
2013-07-03,74.8
2013-07-04,71.6
2013-07-05,71.3
2013-07-06,73.1
2013-07-07,70.8
2013-07-08,76.8
2013-07-09,80.5
2013-07-10,78.9
2013-07-11,72.4
2013-07-12,69.5
2013-07-13,73.2
2013-07-14,78.4
2013-07-15,82.0
2013-07-16,82.9
2013-07-17,83.5
2013-07-18,83.9
2013-07-19,83.2
2013-07-20,77.7
2013-07-21,75.0
2013-07-22,74.8
2013-07-23,76.3
2013-07-24,68.3
2013-07-25,64.9
2013-07-26,69.3
2013-07-27,69.8
2013-07-28,63.6
2013-07-29,66.1
2013-07-30,68.8
2013-07-31,69.8
2013-08-01,71.6
2013-08-02,70.2
2013-08-03,73.4
2013-08-04,68.6
2013-08-05,68.3
2013-08-06,71.0
2013-08-07,76.2
2013-08-08,76.7
2013-08-09,73.4
2013-08-10,75.1
2013-08-11,74.9
2013-08-12,74.6
2013-08-13,72.2
2013-08-14,60.1
2013-08-15,61.5
2013-08-16,64.9
2013-08-17,67.9
2013-08-18,69.8
2013-08-19,72.2
2013-08-20,74.4
2013-08-21,74.7
2013-08-22,73.6
2013-08-23,73.2
2013-08-24,70.8
2013-08-25,74.6
2013-08-26,76.6
2013-08-27,78.5
2013-08-28,82.0
2013-08-29,75.6
2013-08-30,76.7
2013-08-31,79.8
2013-09-01,75.0
2013-09-02,75.2
2013-09-03,65.2
2013-09-04,67.6
2013-09-05,70.2
2013-09-06,65.2
2013-09-07,71.0
2013-09-08,77.1
2013-09-09,76.8
2013-09-10,83.6
2013-09-11,81.5
2013-09-12,75.6
2013-09-13,60.1
2013-09-14,55.1
2013-09-15,60.8
2013-09-16,62.6
2013-09-17,59.5
2013-09-18,66.9
2013-09-19,70.4
2013-09-20,74.2
2013-09-21,67.3
2013-09-22,57.1
2013-09-23,55.9
2013-09-24,56.7
2013-09-25,61.3
2013-09-26,62.8
2013-09-27,63.9
2013-09-28,65.9
2013-09-29,63.6
2013-09-30,63.6
2013-10-01,66.8
2013-10-02,69.1
2013-10-03,69.7
2013-10-04,71.8
2013-10-05,71.6
2013-10-06,66.7
2013-10-07,52.8
2013-10-08,54.5
2013-10-09,57.2
2013-10-10,58.9
2013-10-11,62.7
2013-10-12,64.2
2013-10-13,63.3
2013-10-14,56.6
2013-10-15,58.3
2013-10-16,63.3
2013-10-17,48.9
2013-10-18,51.9
2013-10-19,47.2
2013-10-20,41.0
2013-10-21,54.2
2013-10-22,44.4
2013-10-23,39.6
2013-10-24,39.5
2013-10-25,38.6
2013-10-26,39.4
2013-10-27,44.4
2013-10-28,46.0
2013-10-29,45.7
2013-10-30,54.6
2013-10-31,62.4
2013-11-01,56.0
2013-11-02,49.7
2013-11-03,45.3
2013-11-04,45.0
2013-11-05,53.0
2013-11-06,55.2
2013-11-07,48.4
2013-11-08,39.3
2013-11-09,47.2
2013-11-10,45.7
2013-11-11,40.8
2013-11-12,31.4
2013-11-13,28.6
2013-11-14,37.4
2013-11-15,45.0
2013-11-16,50.0
2013-11-17,60.3
2013-11-18,47.8
2013-11-19,36.4
2013-11-20,35.4
2013-11-21,45.5
2013-11-22,49.5
2013-11-23,32.0
2013-11-24,21.1
2013-11-25,25.0
2013-11-26,33.0
2013-11-27,28.4
2013-11-28,26.2
2013-11-29,28.9
2013-11-30,32.9
2013-12-01,42.7
2013-12-02,38.9
2013-12-03,40.5
2013-12-04,50.3
2013-12-05,52.6
2013-12-06,28.7
2013-12-07,22.8
2013-12-08,21.2
2013-12-09,29.6
2013-12-10,21.4
2013-12-11,20.7
2013-12-12,13.8
2013-12-13,23.2
2013-12-14,33.5
2013-12-15,26.3
2013-12-16,22.4
2013-12-17,26.7
2013-12-18,25.0
2013-12-19,39.3
2013-12-20,51.0
2013-12-21,55.8
2013-12-22,54.5
2013-12-23,34.0
2013-12-24,18.7
2013-12-25,21.2
2013-12-26,31.6
2013-12-27,36.3
2013-12-28,41.1
2013-12-29,41.3
2013-12-30,27.9
2013-12-31,24.0
2014-01-01,29.6
2014-01-02,24.7
2014-01-03,6.9
2014-01-04,21.2
2014-01-05,34.7
2014-01-06,7.6
2014-01-07,-3.6
2014-01-08,15.0
2014-01-09,24.7
2014-01-10,35.7
2014-01-11,46.3
2014-01-12,35.6
2014-01-13,45.5
2014-01-14,39.6
2014-01-15,28.6
2014-01-16,22.3
2014-01-17,26.9
2014-01-18,14.1
2014-01-19,24.8
2014-01-20,33.8
2014-01-21,19.7
2014-01-22,4.0
2014-01-23,6.4
2014-01-24,2.7
2014-01-25,21.8
2014-01-26,17.0
2014-01-27,37.1
2014-01-28,-3.5
2014-01-29,6.5
2014-01-30,15.9
2014-01-31,31.6
2014-02-01,39.2
2014-02-02,33.3
2014-02-03,25.5
2014-02-04,22.4
2014-02-05,25.4
2014-02-06,18.8
2014-02-07,4.5
2014-02-08,11.7
2014-02-09,23.8
2014-02-10,11.1
2014-02-11,4.3
2014-02-12,9.9
2014-02-13,18.2
2014-02-14,27.5
2014-02-15,20.3
2014-02-16,23.3
2014-02-17,21.5
2014-02-18,38.3
2014-02-19,42.5
2014-02-20,34.5
2014-02-21,45.1
2014-02-22,42.5
2014-02-23,36.1
2014-02-24,26.3
2014-02-25,25.8
2014-02-26,18.3
2014-02-27,18.3
2014-02-28,15.5
2014-03-01,35.1
2014-03-02,27.2
2014-03-03,13.5
2014-03-04,15.1
2014-03-05,24.5
2014-03-06,27.7
2014-03-07,30.6
2014-03-08,42.8
2014-03-09,34.9
2014-03-10,44.0
2014-03-11,55.4
2014-03-12,41.4
2014-03-13,22.2
2014-03-14,43.8
2014-03-15,46.6
2014-03-16,31.5
2014-03-17,26.3
2014-03-18,40.1
2014-03-19,48.2
2014-03-20,40.2
2014-03-21,41.9
2014-03-22,48.6
2014-03-23,33.3
2014-03-24,27.0
2014-03-25,29.9
2014-03-26,24.7
2014-03-27,38.8
2014-03-28,51.9
2014-03-29,38.4
2014-03-30,37.5
2014-03-31,47.4
2014-04-01,60.7
2014-04-02,50.2
2014-04-03,51.9
2014-04-04,58.0
2014-04-05,40.6
2014-04-06,44.0
2014-04-07,48.5
2014-04-08,49.7
2014-04-09,49.0
2014-04-10,57.0
2014-04-11,60.4
2014-04-12,60.2
2014-04-13,71.1
2014-04-14,66.8
2014-04-15,35.3
2014-04-16,34.5
2014-04-17,49.3
2014-04-18,57.8
2014-04-19,55.0
2014-04-20,55.2
2014-04-21,64.1
2014-04-22,62.0
2014-04-23,46.6
2014-04-24,52.5
2014-04-25,57.2
2014-04-26,60.4
2014-04-27,54.9
2014-04-28,55.9
2014-04-29,65.2
2014-04-30,58.9
2014-05-01,52.5
2014-05-02,50.9
2014-05-03,55.8
2014-05-04,59.1
2014-05-05,52.7
2014-05-06,56.3
2014-05-07,67.9
2014-05-08,75.7
2014-05-09,73.2
2014-05-10,65.5
2014-05-11,67.3
2014-05-12,71.8
2014-05-13,77.2
2014-05-14,64.9
2014-05-15,58.6
2014-05-16,45.0
2014-05-17,47.5
2014-05-18,51.4
2014-05-19,57.2
2014-05-20,65.7
2014-05-21,72.3
2014-05-22,69.7
2014-05-23,63.0
2014-05-24,64.3
2014-05-25,68.8
2014-05-26,72.7
2014-05-27,77.7
2014-05-28,75.5
2014-05-29,72.6
2014-05-30,71.2
2014-05-31,73.0
2014-06-01,74.3
2014-06-02,76.4
2014-06-03,76.6
2014-06-04,68.4
2014-06-05,64.6
2014-06-06,67.5
2014-06-07,71.8
2014-06-08,69.7
2014-06-09,66.3
2014-06-10,66.9
2014-06-11,68.2
2014-06-12,69.7
2014-06-13,69.8
2014-06-14,63.6
2014-06-15,69.9
2014-06-16,78.8
2014-06-17,81.0
2014-06-18,82.0
2014-06-19,72.7
2014-06-20,74.2
2014-06-21,73.8
2014-06-22,74.8
2014-06-23,78.7
2014-06-24,76.5
2014-06-25,74.9
2014-06-26,74.2
2014-06-27,76.4
2014-06-28,78.0
2014-06-29,76.7
2014-06-30,77.6
2014-07-01,80.7
2014-07-02,74.2
2014-07-03,67.7
2014-07-04,65.5
2014-07-05,69.2
2014-07-06,70.4
2014-07-07,74.7
2014-07-08,74.8
2014-07-09,73.2
2014-07-10,70.7
2014-07-11,71.5
2014-07-12,76.5
2014-07-13,79.7
2014-07-14,75.0
2014-07-15,67.3
2014-07-16,63.0
2014-07-17,64.7
2014-07-18,67.2
2014-07-19,66.7
2014-07-20,69.1
2014-07-21,74.2
2014-07-22,78.4
2014-07-23,75.0
2014-07-24,66.6
2014-07-25,65.4
2014-07-26,72.9
2014-07-27,75.4
2014-07-28,69.4
2014-07-29,62.0
2014-07-30,67.3
2014-07-31,70.9
2014-08-01,72.9
2014-08-02,71.6
2014-08-03,71.9
2014-08-04,72.8
2014-08-05,72.8
2014-08-06,73.1
2014-08-07,69.9
2014-08-08,70.5
2014-08-09,72.1
2014-08-10,75.4
2014-08-11,76.1
2014-08-12,70.2
2014-08-13,67.4
2014-08-14,69.6
2014-08-15,63.7
2014-08-16,65.9
2014-08-17,73.1
2014-08-18,75.3
2014-08-19,72.2
2014-08-20,77.7
2014-08-21,73.4
2014-08-22,75.7
2014-08-23,77.8
2014-08-24,77.4
2014-08-25,78.2
2014-08-26,79.6
2014-08-27,77.8
2014-08-28,73.1
2014-08-29,73.4
2014-08-30,77.1
2014-08-31,75.4
2014-09-01,77.0
2014-09-02,74.5
2014-09-03,73.5
2014-09-04,76.8
2014-09-05,80.7
2014-09-06,72.3
2014-09-07,65.6
2014-09-08,66.4
2014-09-09,70.5
2014-09-10,73.1
2014-09-11,68.3
2014-09-12,60.1
2014-09-13,59.2
2014-09-14,55.8
2014-09-15,59.5
2014-09-16,58.0
2014-09-17,56.0
2014-09-18,59.8
2014-09-19,61.1
2014-09-20,68.3
2014-09-21,72.4
2014-09-22,55.5
2014-09-23,57.2
2014-09-24,63.0
2014-09-25,64.2
2014-09-26,67.1
2014-09-27,66.8
2014-09-28,67.5
2014-09-29,69.6
2014-09-30,62.0
2014-10-01,53.8
2014-10-02,66.5
2014-10-03,70.2
2014-10-04,46.1
2014-10-05,49.5
2014-10-06,53.5
2014-10-07,53.9
2014-10-08,57.1
2014-10-09,51.6
2014-10-10,52.6
2014-10-11,51.9
2014-10-12,51.9
2014-10-13,66.9
2014-10-14,67.0
2014-10-15,56.0
2014-10-16,56.9
2014-10-17,59.3
2014-10-18,53.0
2014-10-19,47.3
2014-10-20,51.8
2014-10-21,51.6
2014-10-22,46.9
2014-10-23,48.2
2014-10-24,52.3
2014-10-25,59.2
2014-10-26,56.9
2014-10-27,60.0
2014-10-28,67.4
2014-10-29,48.8
2014-10-30,46.2
2014-10-31,43.1
2014-11-01,36.2
2014-11-02,34.3
2014-11-03,46.8
2014-11-04,55.5
2014-11-05,50.0
2014-11-06,48.3
2014-11-07,41.1
2014-11-08,41.5
2014-11-09,42.1
2014-11-10,50.9
2014-11-11,56.8
2014-11-12,37.1
2014-11-13,29.4
2014-11-14,26.4
2014-11-15,25.4
2014-11-16,32.7
2014-11-17,28.6
2014-11-18,15.3
2014-11-19,22.9
2014-11-20,26.6
2014-11-21,21.9
2014-11-22,35.1
2014-11-23,54.8
2014-11-24,54.0
2014-11-25,36.7
2014-11-26,30.3
2014-11-27,30.2
2014-11-28,26.7
2014-11-29,39.5
2014-11-30,58.4
2014-12-01,43.3
2014-12-02,29.5
2014-12-03,35.9
2014-12-04,31.1
2014-12-05,37.5
2014-12-06,40.4
2014-12-07,33.0
2014-12-08,38.3
2014-12-09,39.6
2014-12-10,34.5
2014-12-11,30.3
2014-12-12,29.9
2014-12-13,37.8
2014-12-14,44.5
2014-12-15,43.2
2014-12-16,46.3
2014-12-17,32.5
2014-12-18,27.3
2014-12-19,28.4
2014-12-20,30.4
2014-12-21,29.5
2014-12-22,34.1
2014-12-23,49.3
2014-12-24,52.9
2014-12-25,38.5
2014-12-26,38.8
2014-12-27,46.4
2014-12-28,38.5
2014-12-29,29.1
2014-12-30,25.4
2014-12-31,20.5
2015-01-01,25.1
2015-01-02,31.5
2015-01-03,39.1
2015-01-04,47.7
2015-01-05,17.0
2015-01-06,16.3
2015-01-07,9.8
2015-01-08,0.8
2015-01-09,15.1
2015-01-10,6.2
2015-01-11,26.1
2015-01-12,33.5
2015-01-13,20.5
2015-01-14,13.0
2015-01-15,22.8
2015-01-16,29.9
2015-01-17,34.4
2015-01-18,41.0
2015-01-19,34.8
2015-01-20,38.1
2015-01-21,40.0
2015-01-22,33.8
2015-01-23,31.9
2015-01-24,31.2
2015-01-25,35.2
2015-01-26,20.6
2015-01-27,17.2
2015-01-28,16.7
2015-01-29,34.0
2015-01-30,28.1
2015-01-31,24.7
2015-02-01,35.2
2015-02-02,25.9
2015-02-03,21.8
2015-02-04,34.8
2015-02-05,19.0
2015-02-06,20.6
2015-02-07,37.1
2015-02-08,48.8
2015-02-09,33.6
2015-02-10,23.4
2015-02-11,28.8
2015-02-12,26.3
2015-02-13,18.5
2015-02-14,26.2
2015-02-15,7.3
2015-02-16,6.7
2015-02-17,9.2
2015-02-18,15.5
2015-02-19,2.7
2015-02-20,3.6
2015-02-21,21.8
2015-02-22,21.5
2015-02-23,11.9
2015-02-24,7.8
2015-02-25,23.4
2015-02-26,18.2
2015-02-27,11.0
2015-02-28,14.2
2015-03-01,26.8
2015-03-02,24.9
2015-03-03,26.4
2015-03-04,35.7
2015-03-05,20.6
2015-03-06,16.1
2015-03-07,30.1
2015-03-08,38.9
2015-03-09,42.6
2015-03-10,43.9
2015-03-11,44.3
2015-03-12,40.0
2015-03-13,46.1
2015-03-14,52.2
2015-03-15,45.0
2015-03-16,57.3
2015-03-17,53.3
2015-03-18,35.9
2015-03-19,42.8
2015-03-20,42.9
2015-03-21,49.0
2015-03-22,40.0
2015-03-23,33.8
2015-03-24,33.4
2015-03-25,50.3
2015-03-26,44.3
2015-03-27,33.1
2015-03-28,26.2
2015-03-29,33.1
2015-03-30,46.4
2015-03-31,52.9
2015-04-01,46.7
2015-04-02,56.5
2015-04-03,55.1
2015-04-04,41.5
2015-04-05,49.8
2015-04-06,55.4
2015-04-07,59.4
2015-04-08,58.5
2015-04-09,65.4
2015-04-10,61.0
2015-04-11,50.4
2015-04-12,55.1
2015-04-13,65.4
2015-04-14,57.1
2015-04-15,55.0
2015-04-16,60.6
2015-04-17,64.5
2015-04-18,65.2
2015-04-19,62.5
2015-04-20,59.7
2015-04-21,51.3
2015-04-22,46.0
2015-04-23,42.9
2015-04-24,46.0
2015-04-25,48.7
2015-04-26,47.5
2015-04-27,48.9
2015-04-28,49.3
2015-04-29,55.0
2015-04-30,55.7
2015-05-01,57.2
2015-05-02,62.3
2015-05-03,65.9
2015-05-04,68.8
2015-05-05,66.6
2015-05-06,72.7
2015-05-07,74.8
2015-05-08,76.5
2015-05-09,75.7
2015-05-10,74.9
2015-05-11,73.9
2015-05-12,62.9
2015-05-13,55.3
2015-05-14,55.5
2015-05-15,68.1
2015-05-16,71.8
2015-05-17,73.4
2015-05-18,74.4
2015-05-19,62.9
2015-05-20,53.0
2015-05-21,52.1
2015-05-22,58.3
2015-05-23,64.5
2015-05-24,70.7
2015-05-25,73.3
2015-05-26,73.4
2015-05-27,73.2
2015-05-28,72.9
2015-05-29,75.4
2015-05-30,77.4
2015-05-31,67.2
2015-06-01,53.9
2015-06-02,54.7
2015-06-03,62.7
2015-06-04,70.5
2015-06-05,74.1
2015-06-06,70.5
2015-06-07,72.7
2015-06-08,74.8
2015-06-09,65.5
2015-06-10,76.4
2015-06-11,81.3
2015-06-12,79.5
2015-06-13,78.1
2015-06-14,81.3
2015-06-15,78.5
2015-06-16,77.7
2015-06-17,73.3
2015-06-18,76.6
2015-06-19,70.9
2015-06-20,72.4
2015-06-21,76.7
2015-06-22,77.3
2015-06-23,80.4
2015-06-24,71.4
2015-06-25,71.7
2015-06-26,73.1
2015-06-27,65.6
2015-06-28,66.4
2015-06-29,66.3
2015-06-30,68.9
2015-07-01,70.0
2015-07-02,70.6
2015-07-03,68.9
2015-07-04,70.0
2015-07-05,71.5
2015-07-06,73.1
2015-07-07,77.1
2015-07-08,68.9
2015-07-09,73.1
2015-07-10,70.6
2015-07-11,71.3
2015-07-12,74.3
2015-07-13,70.4
2015-07-14,75.4
2015-07-15,71.9
2015-07-16,66.9
2015-07-17,76.7
2015-07-18,78.3
2015-07-19,76.4
2015-07-20,76.2
2015-07-21,76.3
2015-07-22,68.7
2015-07-23,68.4
2015-07-24,73.9
2015-07-25,75.8
2015-07-26,77.7
2015-07-27,75.7
2015-07-28,78.5
2015-07-29,80.0
2015-07-30,76.2
2015-07-31,73.8
2015-08-01,72.4
2015-08-02,74.3
2015-08-03,72.8
2015-08-04,69.2
2015-08-05,71.1
2015-08-06,65.9
2015-08-07,66.8
2015-08-08,70.8
2015-08-09,73.8
2015-08-10,75.6
2015-08-11,73.1
2015-08-12,68.3
2015-08-13,68.4
2015-08-14,72.2
2015-08-15,72.4
2015-08-16,75.5
2015-08-17,74.7
2015-08-18,74.8
2015-08-19,76.7
2015-08-20,70.6
2015-08-21,66.8
2015-08-22,68.4
2015-08-23,72.1
2015-08-24,68.2
2015-08-25,60.9
2015-08-26,62.2
2015-08-27,66.1
2015-08-28,66.1
2015-08-29,71.1
2015-08-30,74.8
2015-08-31,74.2
2015-09-01,75.5
2015-09-02,73.1
2015-09-03,78.2
2015-09-04,76.4
2015-09-05,72.7
2015-09-06,76.2
2015-09-07,79.2
2015-09-08,80.3
2015-09-09,74.7
2015-09-10,71.5
2015-09-11,65.5
2015-09-12,58.8
2015-09-13,56.7
2015-09-14,60.3
2015-09-15,65.6
2015-09-16,68.1
2015-09-17,69.7
2015-09-18,70.4
2015-09-19,71.8
2015-09-20,60.3
2015-09-21,59.3
2015-09-22,63.3
2015-09-23,66.7
2015-09-24,67.5
2015-09-25,66.3
2015-09-26,66.5
2015-09-27,68.3
2015-09-28,69.7
2015-09-29,73.8
2015-09-30,62.0
2015-10-01,55.9
2015-10-02,54.5
2015-10-03,46.9
2015-10-04,58.4
2015-10-05,64.3
2015-10-06,64.9
2015-10-07,64.4
2015-10-08,66.0
2015-10-09,65.5
2015-10-10,55.7
2015-10-11,57.1
2015-10-12,63.7
2015-10-13,59.1
2015-10-14,52.7
2015-10-15,53.0
2015-10-16,53.1
2015-10-17,41.6
2015-10-18,40.9
2015-10-19,48.4
2015-10-20,58.8
2015-10-21,60.7
2015-10-22,66.1
2015-10-23,60.3
2015-10-24,64.3
2015-10-25,55.2
2015-10-26,48.9
2015-10-27,48.7
2015-10-28,56.2
2015-10-29,48.3
2015-10-30,44.9
2015-10-31,47.7
2015-11-01,56.8
2015-11-02,56.0
2015-11-03,57.5
2015-11-04,61.1
2015-11-05,66.3
2015-11-06,64.5
2015-11-07,47.5
2015-11-08,42.3
2015-11-09,42.2
2015-11-10,46.5
2015-11-11,44.7
2015-11-12,50.7
2015-11-13,44.5
2015-11-14,38.2
2015-11-15,49.0
2015-11-16,49.0
2015-11-17,53.8
2015-11-18,58.8
2015-11-19,53.5
2015-11-20,39.0
2015-11-21,41.1
2015-11-22,31.0
2015-11-23,30.7
2015-11-24,37.7
2015-11-25,42.7
2015-11-26,53.2
2015-11-27,56.6
2015-11-28,44.7
2015-11-29,38.1
2015-11-30,39.0
2015-12-01,47.0
2015-12-02,38.5
2015-12-03,34.4
2015-12-04,29.8
2015-12-05,31.1
2015-12-06,34.6
2015-12-07,42.6
2015-12-08,41.5
2015-12-09,46.7
2015-12-10,46.1
2015-12-11,51.0
2015-12-12,62.5
2015-12-13,60.4
2015-12-14,59.2
2015-12-15,43.7
2015-12-16,44.7
2015-12-17,40.6
2015-12-18,30.8
2015-12-19,27.8
2015-12-20,31.8
2015-12-21,45.4
2015-12-22,52.3
2015-12-23,55.2
2015-12-24,50.6
2015-12-25,48.9
2015-12-26,45.2
2015-12-27,53.2
2015-12-28,36.3
2015-12-29,44.3
2015-12-30,35.9
2015-12-31,33.4
2016-01-01,28.9
2016-01-02,28.9
2016-01-03,30.7
2016-01-04,29.1
2016-01-05,20.4
2016-01-06,25.6
2016-01-07,32.3
2016-01-08,38.4
2016-01-09,48.6
2016-01-10,36.5
2016-01-11,11.7
2016-01-12,23.2
2016-01-13,7.2
2016-01-14,29.5
2016-01-15,44.7
2016-01-16,33.0
2016-01-17,24.0
2016-01-18,6.8
2016-01-19,10.3
2016-01-20,15.8
2016-01-21,15.2
2016-01-22,20.8
2016-01-23,24.2
2016-01-24,22.7
2016-01-25,33.0
2016-01-26,39.6
2016-01-27,27.6
2016-01-28,31.6
2016-01-29,33.1
2016-01-30,39.9
2016-01-31,52.2
2016-02-01,44.9
2016-02-02,38.2
2016-02-03,53.7
2016-02-04,31.6
2016-02-05,27.5
2016-02-06,30.8
2016-02-07,39.0
2016-02-08,39.6
2016-02-09,24.7
2016-02-10,16.5
2016-02-11,13.5
2016-02-12,18.5
2016-02-13,12.5
2016-02-14,10.7
2016-02-15,24.2
2016-02-16,31.5
2016-02-17,31.7
2016-02-18,33.2
2016-02-19,46.4
2016-02-20,56.1
2016-02-21,49.3
2016-02-22,37.1
2016-02-23,37.5
2016-02-24,40.9
2016-02-25,33.1
2016-02-26,29.9
2016-02-27,35.1
2016-02-28,49.1
2016-02-29,47.2
2016-03-01,42.9
2016-03-02,27.4
2016-03-03,29.3
2016-03-04,31.7
2016-03-05,33.7
2016-03-06,35.2
2016-03-07,48.5
2016-03-08,59.2
2016-03-09,61.8
2016-03-10,57.4
2016-03-11,49.3
2016-03-12,50.1
2016-03-13,54.5
2016-03-14,58.6
2016-03-15,58.6
2016-03-16,60.0
2016-03-17,50.8
2016-03-18,47.0
2016-03-19,40.3
2016-03-20,33.2
2016-03-21,37.5
2016-03-22,46.6
2016-03-23,57.1
2016-03-24,60.3
2016-03-25,40.3
2016-03-26,41.3
2016-03-27,54.6
2016-03-28,49.7
2016-03-29,43.0
2016-03-30,50.3
2016-03-31,60.7
2016-04-01,53.7
2016-04-02,42.3
2016-04-03,35.9
2016-04-04,48.4
2016-04-05,30.9
2016-04-06,45.3
2016-04-07,43.8
2016-04-08,35.6
2016-04-09,31.2
2016-04-10,37.1
2016-04-11,51.9
2016-04-12,41.8
2016-04-13,43.1
2016-04-14,47.7
2016-04-15,53.6
2016-04-16,62.7
2016-04-17,64.0
2016-04-18,67.2
2016-04-19,65.8
2016-04-20,60.8
2016-04-21,64.6
2016-04-22,59.4
2016-04-23,52.4
2016-04-24,48.5
2016-04-25,65.3
2016-04-26,70.0
2016-04-27,51.6
2016-04-28,55.8
2016-04-29,53.4
2016-04-30,50.6
2016-05-01,63.9
2016-05-02,57.2
2016-05-03,52.5
2016-05-04,50.9
2016-05-05,47.1
2016-05-06,55.9
2016-05-07,62.3
2016-05-08,54.5
2016-05-09,52.4
2016-05-10,58.9
2016-05-11,60.4
2016-05-12,68.3
2016-05-13,60.1
2016-05-14,51.4
2016-05-15,46.2
2016-05-16,47.6
2016-05-17,54.4
2016-05-18,56.2
2016-05-19,56.9
2016-05-20,59.1
2016-05-21,58.6
2016-05-22,60.6
2016-05-23,61.5
2016-05-24,68.0
2016-05-25,71.7
2016-05-26,72.6
2016-05-27,72.7
2016-05-28,75.6
2016-05-29,74.5
2016-05-30,73.9
2016-05-31,75.7
2016-06-01,75.6
2016-06-02,68.8
2016-06-03,73.0
2016-06-04,71.4
2016-06-05,70.3
2016-06-06,72.1
2016-06-07,66.3
2016-06-08,62.1
2016-06-09,65.6
2016-06-10,69.6
2016-06-11,78.5
2016-06-12,79.9
2016-06-13,68.9
2016-06-14,71.6
2016-06-15,75.2
2016-06-16,73.4
2016-06-17,72.0
2016-06-18,73.9
2016-06-19,76.0
2016-06-20,80.5
2016-06-21,73.4
2016-06-22,69.7
2016-06-23,76.7
2016-06-24,73.4
2016-06-25,73.6
2016-06-26,80.0
2016-06-27,79.6
2016-06-28,74.6
2016-06-29,65.7
2016-06-30,69.4
2016-07-01,72.2
2016-07-02,65.2
2016-07-03,64.3
2016-07-04,64.9
2016-07-05,74.0
2016-07-06,75.1
2016-07-07,75.6
2016-07-08,76.7
2016-07-09,74.9
2016-07-10,71.4
2016-07-11,76.0
2016-07-12,77.6
2016-07-13,79.0
2016-07-14,72.9
2016-07-15,76.4
2016-07-16,71.3
2016-07-17,73.7
2016-07-18,77.5
2016-07-19,76.6
2016-07-20,77.2
2016-07-21,79.4
2016-07-22,75.8
2016-07-23,80.0
2016-07-24,82.0
2016-07-25,83.1
2016-07-26,78.0
2016-07-27,78.8
2016-07-28,77.9
2016-07-29,76.7
2016-07-30,74.8
2016-07-31,76.4
2016-08-01,76.5
2016-08-02,77.7
2016-08-03,78.6
2016-08-04,79.6
2016-08-05,80.5
2016-08-06,77.4
2016-08-07,75.3
2016-08-08,75.5
2016-08-09,77.4
2016-08-10,78.2
2016-08-11,81.8
2016-08-12,82.9
2016-08-13,81.2
2016-08-14,73.3
2016-08-15,72.6
2016-08-16,74.2
2016-08-17,74.1
2016-08-18,74.6
2016-08-19,74.4
2016-08-20,74.3
2016-08-21,70.7
2016-08-22,66.6
2016-08-23,69.5
2016-08-24,72.7
2016-08-25,79.5
2016-08-26,79.2
2016-08-27,76.6
2016-08-28,78.3
2016-08-29,75.8
2016-08-30,76.0
2016-08-31,75.7
2016-09-01,70.2
2016-09-02,65.9
2016-09-03,66.1
2016-09-04,68.7
2016-09-05,73.0
2016-09-06,76.0
2016-09-07,79.6
2016-09-08,79.3
2016-09-09,75.0
2016-09-10,76.7
2016-09-11,65.2
2016-09-12,66.0
2016-09-13,69.2
2016-09-14,69.4
2016-09-15,66.1
2016-09-16,69.2
2016-09-17,72.0
2016-09-18,72.0
2016-09-19,71.4
2016-09-20,67.4
2016-09-21,73.0
2016-09-22,73.6
2016-09-23,76.5
2016-09-24,72.1
2016-09-25,68.0
2016-09-26,66.9
2016-09-27,60.2
2016-09-28,58.2
2016-09-29,55.8
2016-09-30,59.5
2016-10-01,58.1
2016-10-02,61.5
2016-10-03,60.6
2016-10-04,59.4
2016-10-05,67.3
2016-10-06,70.1
2016-10-07,67.4
2016-10-08,60.2
2016-10-09,52.9
2016-10-10,53.2
2016-10-11,56.5
2016-10-12,61.8
2016-10-13,58.4
2016-10-14,51.6
2016-10-15,59.0
2016-10-16,68.4
2016-10-17,71.5
2016-10-18,73.2
2016-10-19,70.8
2016-10-20,59.5
2016-10-21,50.3
2016-10-22,48.1
2016-10-23,53.8
2016-10-24,56.4
2016-10-25,45.6
2016-10-26,49.1
2016-10-27,53.5
2016-10-28,50.3
2016-10-29,62.0
2016-10-30,63.9
2016-10-31,51.2
2016-11-01,62.1
2016-11-02,68.1
2016-11-03,65.3
2016-11-04,50.4
2016-11-05,47.4
2016-11-06,51.8
2016-11-07,53.5
2016-11-08,53.7
2016-11-09,47.7
2016-11-10,45.0
2016-11-11,48.5
2016-11-12,37.3
2016-11-13,40.3
2016-11-14,42.9
2016-11-15,46.7
2016-11-16,47.2
2016-11-17,51.3
2016-11-18,63.6
2016-11-19,45.1
2016-11-20,33.1
2016-11-21,33.7
2016-11-22,30.8
2016-11-23,37.7
2016-11-24,45.5
2016-11-25,38.6
2016-11-26,38.0
2016-11-27,37.2
2016-11-28,45.0
2016-11-29,52.2
2016-11-30,56.4
2016-12-01,38.1
2016-12-02,36.6
2016-12-03,36.6
2016-12-04,35.8
2016-12-05,36.7
2016-12-06,36.0
2016-12-07,32.1
2016-12-08,26.6
2016-12-09,21.0
2016-12-10,23.6
2016-12-11,28.4
2016-12-12,34.7
2016-12-13,27.6
2016-12-14,14.4
2016-12-15,8.1
2016-12-16,11.4
2016-12-17,31.0
2016-12-18,27.0
2016-12-19,14.9
2016-12-20,20.9
2016-12-21,29.2
2016-12-22,34.2
2016-12-23,30.3
2016-12-24,38.7
2016-12-25,37.3
2016-12-26,54.7
2016-12-27,40.5
2016-12-28,32.8
2016-12-29,37.7
2016-12-30,31.8
2016-12-31,35.6
2017-01-01,35.5
2017-01-02,41.8
2017-01-03,49.5
2017-01-04,31.1
2017-01-05,17.7
2017-01-06,7.3
2017-01-07,4.6
2017-01-08,11.2
2017-01-09,19.9
2017-01-10,37.3
2017-01-11,41.8
2017-01-12,56.5
2017-01-13,31.2
2017-01-14,30.1
2017-01-15,29.7
2017-01-16,37.1
2017-01-17,51.5
2017-01-18,38.6
2017-01-19,38.8
2017-01-20,47.4
2017-01-21,51.6
2017-01-22,52.3
2017-01-23,46.1
2017-01-24,40.4
2017-01-25,41.1
2017-01-26,36.3
2017-01-27,29.9
2017-01-28,27.9
2017-01-29,28.2
2017-01-30,24.2
2017-01-31,30.4
2017-02-01,36.8
2017-02-02,28.4
2017-02-03,22.0
2017-02-04,20.3
2017-02-05,36.7
2017-02-06,38.8
2017-02-07,55.7
2017-02-08,41.9
2017-02-09,27.7
2017-02-10,21.8
2017-02-11,50.2
2017-02-12,51.1
2017-02-13,36.0
2017-02-14,39.5
2017-02-15,36.2
2017-02-16,29.1
2017-02-17,42.8
2017-02-18,53.5
2017-02-19,49.5
2017-02-20,47.0
2017-02-21,54.6
2017-02-22,56.5
2017-02-23,59.6
2017-02-24,59.5
2017-02-25,41.5
2017-02-26,30.8
2017-02-27,42.1
2017-02-28,46.4
2017-03-01,55.3
2017-03-02,36.1
2017-03-03,29.3
2017-03-04,26.9
2017-03-05,38.4
2017-03-06,55.1
2017-03-07,54.9
2017-03-08,45.5
2017-03-09,46.4
2017-03-10,36.7
2017-03-11,24.5
2017-03-12,25.3
2017-03-13,28.3
2017-03-14,23.5
2017-03-15,21.2
2017-03-16,27.4
2017-03-17,31.3
2017-03-18,38.2
2017-03-19,38.6
2017-03-20,40.1
2017-03-21,47.1
2017-03-22,39.2
2017-03-23,33.9
2017-03-24,57.8
2017-03-25,65.5
2017-03-26,60.5
2017-03-27,56.2
2017-03-28,54.7
2017-03-29,48.7
2017-03-30,57.4
2017-03-31,54.5
2017-04-01,41.9
2017-04-02,45.1
2017-04-03,57.0
2017-04-04,57.0
2017-04-05,52.0
2017-04-06,48.4
2017-04-07,40.7
2017-04-08,44.7
2017-04-09,58.2
2017-04-10,68.2
2017-04-11,63.0
2017-04-12,53.1
2017-04-13,56.3
2017-04-14,59.8
2017-04-15,70.1
2017-04-16,69.6
2017-04-17,62.6
2017-04-18,60.7
2017-04-19,69.4
2017-04-20,70.0
2017-04-21,57.6
2017-04-22,48.7
2017-04-23,50.5
2017-04-24,57.5
2017-04-25,61.3
2017-04-26,67.5
2017-04-27,67.4
2017-04-28,53.1
2017-04-29,62.4
2017-04-30,64.1
2017-05-01,65.0
2017-05-02,51.4
2017-05-03,48.1
2017-05-04,49.6
2017-05-05,47.2
2017-05-06,48.4
2017-05-07,48.3
2017-05-08,46.6
2017-05-09,53.4
2017-05-10,60.6
2017-05-11,61.6
2017-05-12,55.7
2017-05-13,57.7
2017-05-14,67.5
2017-05-15,65.4
2017-05-16,71.7
2017-05-17,75.8
2017-05-18,76.8
2017-05-19,72.3
2017-05-20,61.2
2017-05-21,69.2
2017-05-22,60.2
2017-05-23,62.4
2017-05-24,64.6
2017-05-25,61.6
2017-05-26,63.8
2017-05-27,70.6
2017-05-28,70.0
2017-05-29,68.3
2017-05-30,67.4
2017-05-31,66.9
2017-06-01,66.4
2017-06-02,68.3
2017-06-03,73.2
2017-06-04,75.7
2017-06-05,74.2
2017-06-06,64.8
2017-06-07,60.1
2017-06-08,60.7
2017-06-09,67.8
2017-06-10,74.3
2017-06-11,76.7
2017-06-12,79.8
2017-06-13,77.2
2017-06-14,71.4
2017-06-15,72.3
2017-06-16,76.4
2017-06-17,78.1
2017-06-18,77.5
2017-06-19,69.8
2017-06-20,68.6
2017-06-21,73.4
2017-06-22,77.5
2017-06-23,71.2
2017-06-24,68.1
2017-06-25,66.4
2017-06-26,63.6
2017-06-27,61.5
2017-06-28,66.2
2017-06-29,74.0
2017-06-30,78.6
2017-07-01,73.2
2017-07-02,74.4
2017-07-03,75.8
2017-07-04,75.0
2017-07-05,74.0
2017-07-06,73.3
2017-07-07,71.5
2017-07-08,69.4
2017-07-09,68.7
2017-07-10,74.8
2017-07-11,75.6
2017-07-12,77.8
2017-07-13,79.7
2017-07-14,77.4
2017-07-15,69.6
2017-07-16,73.2
2017-07-17,72.9
2017-07-18,73.0
2017-07-19,78.4
2017-07-20,77.7
2017-07-21,78.1
2017-07-22,76.9
2017-07-23,76.8
2017-07-24,72.6
2017-07-25,66.9
2017-07-26,69.7
2017-07-27,73.9
2017-07-28,74.1
2017-07-29,68.0
2017-07-30,69.7
2017-07-31,72.8
2017-08-01,74.1
2017-08-02,74.1
2017-08-03,74.7
2017-08-04,72.6
2017-08-05,64.2
2017-08-06,67.1
2017-08-07,67.1
2017-08-08,66.4
2017-08-09,69.3
2017-08-10,71.2
2017-08-11,73.3
2017-08-12,70.3
2017-08-13,68.5
2017-08-14,71.8
2017-08-15,75.5
2017-08-16,78.7
2017-08-17,78.2
2017-08-18,76.2
2017-08-19,74.2
2017-08-20,75.7
2017-08-21,78.7
2017-08-22,76.8
2017-08-23,68.6
2017-08-24,64.5
2017-08-25,63.5
2017-08-26,63.2
2017-08-27,64.7
2017-08-28,67.2
2017-08-29,67.7
2017-08-30,67.1
2017-08-31,69.4
2017-09-01,58.8
2017-09-02,55.7
2017-09-03,64.5
2017-09-04,69.1
2017-09-05,67.8
2017-09-06,56.5
2017-09-07,56.7
2017-09-08,59.3
2017-09-09,61.2
2017-09-10,57.7
2017-09-11,58.4
2017-09-12,60.3
2017-09-13,62.4
2017-09-14,62.2
2017-09-15,66.8
2017-09-16,68.5
2017-09-17,70.3
2017-09-18,72.8
2017-09-19,69.2
2017-09-20,71.4
2017-09-21,75.8
2017-09-22,77.6
2017-09-23,76.7
2017-09-24,74.9
2017-09-25,74.6
2017-09-26,76.3
2017-09-27,75.6
2017-09-28,62.3
2017-09-29,60.3
2017-09-30,56.6
2017-10-01,55.7
2017-10-02,61.1
2017-10-03,67.0
2017-10-04,70.8
2017-10-05,66.9
2017-10-06,67.5
2017-10-07,70.8
2017-10-08,64.7
2017-10-09,66.6
2017-10-10,63.5
2017-10-11,65.3
2017-10-12,57.4
2017-10-13,63.0
2017-10-14,65.7
2017-10-15,67.9
2017-10-16,50.4
2017-10-17,51.5
2017-10-18,53.2
2017-10-19,59.0
2017-10-20,60.4
2017-10-21,61.9
2017-10-22,62.2
2017-10-23,62.6
2017-10-24,49.5
2017-10-25,44.1
2017-10-26,42.2
2017-10-27,52.2
2017-10-28,37.4
2017-10-29,37.6
2017-10-30,37.9
2017-10-31,36.8
2017-11-01,37.2
2017-11-02,57.7
2017-11-03,57.1
2017-11-04,46.5
2017-11-05,63.7
2017-11-06,52.4
2017-11-07,43.1
2017-11-08,42.0
2017-11-09,39.9
2017-11-10,30.5
2017-11-11,26.9
2017-11-12,36.4
2017-11-13,38.5
2017-11-14,38.2
2017-11-15,38.0
2017-11-16,38.8
2017-11-17,39.3
2017-11-18,53.0
2017-11-19,37.6
2017-11-20,31.7
2017-11-21,39.5
2017-11-22,34.8
2017-11-23,31.0
2017-11-24,39.2
2017-11-25,49.3
2017-11-26,36.7
2017-11-27,42.3
2017-11-28,51.8
2017-11-29,49.4
2017-11-30,45.6
2017-12-01,38.8
2017-12-02,38.9
2017-12-03,41.5
2017-12-04,47.2
2017-12-05,47.8
2017-12-06,31.8
2017-12-07,29.0
2017-12-08,21.7
2017-12-09,24.3
2017-12-10,25.7
2017-12-11,30.9
2017-12-12,29.3
2017-12-13,21.0
2017-12-14,26.4
2017-12-15,22.9
2017-12-16,35.3
2017-12-17,38.4
2017-12-18,41.3
2017-12-19,44.5
2017-12-20,38.3
2017-12-21,34.2
2017-12-22,49.3
2017-12-23,38.0
2017-12-24,29.8
2017-12-25,20.9
2017-12-26,14.2
2017-12-27,6.2
2017-12-28,7.7
2017-12-29,16.1
2017-12-30,14.8
2017-12-31,0.5
2018-01-01,-0.3
2018-01-02,-3.6
2018-01-03,8.8
2018-01-04,11.6
2018-01-05,6.0
2018-01-06,2.4
2018-01-07,12.0
2018-01-08,33.1
2018-01-09,32.5
2018-01-10,39.7
2018-01-11,55.3
2018-01-12,42.5
2018-01-13,14.9
2018-01-14,12.1
2018-01-15,17.2
2018-01-16,9.5
2018-01-17,4.5
2018-01-18,15.9
2018-01-19,26.1
2018-01-20,35.6
2018-01-21,45.0
2018-01-22,52.2
2018-01-23,41.0
2018-01-24,30.6
2018-01-25,28.4
2018-01-26,40.2
2018-01-27,46.8
2018-01-28,38.2
2018-01-29,33.2
2018-01-30,23.8
2018-01-31,31.8
2018-02-01,38.3
2018-02-02,16.4
2018-02-03,21.6
2018-02-04,34.5
2018-02-05,17.3
2018-02-06,23.5
2018-02-07,23.8
2018-02-08,18.1
2018-02-09,31.5
2018-02-10,35.4
2018-02-11,29.5
2018-02-12,26.8
2018-02-13,26.1
2018-02-14,40.6
2018-02-15,56.4
2018-02-16,46.6
2018-02-17,31.5
2018-02-18,34.7
2018-02-19,50.0
2018-02-20,66.3
2018-02-21,55.8
2018-02-22,39.2
2018-02-23,49.7
2018-02-24,47.3
2018-02-25,47.7
2018-02-26,41.3
2018-02-27,45.7
2018-02-28,53.1
2018-03-01,49.4
2018-03-02,36.2
2018-03-03,33.9
2018-03-04,33.1
2018-03-05,33.3
2018-03-06,38.3
2018-03-07,33.7
2018-03-08,27.3
2018-03-09,28.8
2018-03-10,31.5
2018-03-11,30.9
2018-03-12,31.6
2018-03-13,29.3
2018-03-14,28.0
2018-03-15,36.9
2018-03-16,31.1
2018-03-17,35.2
2018-03-18,37.2
2018-03-19,43.8
2018-03-20,35.8
2018-03-21,30.1
2018-03-22,31.3
2018-03-23,34.4
2018-03-24,33.3
2018-03-25,34.0
2018-03-26,39.7
2018-03-27,49.1
2018-03-28,49.8
2018-03-29,51.4
2018-03-30,43.0
2018-03-31,43.3
2018-04-01,41.3
2018-04-02,34.1
2018-04-03,48.8
2018-04-04,41.3
2018-04-05,34.3
2018-04-06,43.7
2018-04-07,31.0
2018-04-08,30.8
2018-04-09,33.4
2018-04-10,35.6
2018-04-11,42.7
2018-04-12,62.4
2018-04-13,70.0
2018-04-14,65.5
2018-04-15,49.8
2018-04-16,37.0
2018-04-17,32.7
2018-04-18,32.8
2018-04-19,43.2
2018-04-20,43.5
2018-04-21,46.8
2018-04-22,51.6
2018-04-23,54.1
2018-04-24,52.4
2018-04-25,53.8
2018-04-26,51.6
2018-04-27,56.4
2018-04-28,47.5
2018-04-29,44.0
2018-04-30,53.4
2018-05-01,64.4
2018-05-02,71.0
2018-05-03,72.6
2018-05-04,70.2
2018-05-05,60.6
2018-05-06,62.2
2018-05-07,59.6
2018-05-08,60.0
2018-05-09,68.5
2018-05-10,71.2
2018-05-11,67.8
2018-05-12,74.0
2018-05-13,70.1
2018-05-14,75.3
2018-05-15,78.5
2018-05-16,67.2
2018-05-17,68.6
2018-05-18,66.6
2018-05-19,69.3
2018-05-20,69.1
2018-05-21,70.2
2018-05-22,70.9
2018-05-23,68.0
2018-05-24,68.8
2018-05-25,72.5
2018-05-26,74.7
2018-05-27,76.0
2018-05-28,80.3
2018-05-29,78.8
2018-05-30,78.5
2018-05-31,75.6
2018-06-01,72.1
2018-06-02,72.4
2018-06-03,73.1
2018-06-04,66.6
2018-06-05,61.8
2018-06-06,61.8
2018-06-07,66.9
2018-06-08,73.8
2018-06-09,72.3
2018-06-10,70.5
2018-06-11,69.4
2018-06-12,71.1
2018-06-13,74.4
2018-06-14,69.7
2018-06-15,73.8
2018-06-16,76.8
2018-06-17,80.9
2018-06-18,83.1
2018-06-19,80.3
2018-06-20,75.4
2018-06-21,70.6
2018-06-22,72.1
2018-06-23,71.1
2018-06-24,73.1
2018-06-25,71.1
2018-06-26,69.6
2018-06-27,72.1
2018-06-28,74.9
2018-06-29,78.1
2018-06-30,81.5
2018-07-01,82.4
2018-07-02,80.6
2018-07-03,78.0
2018-07-04,77.8
2018-07-05,82.7
2018-07-06,75.7
2018-07-07,66.0
2018-07-08,70.3
2018-07-09,77.3
2018-07-10,79.5
2018-07-11,74.7
2018-07-12,71.9
2018-07-13,75.8
2018-07-14,79.4
2018-07-15,80.5
2018-07-16,78.3
2018-07-17,76.0
2018-07-18,72.2
2018-07-19,73.0
2018-07-20,69.6
2018-07-21,67.8
2018-07-22,70.7
2018-07-23,68.9
2018-07-24,70.3
2018-07-25,74.1
2018-07-26,74.3
2018-07-27,71.0
2018-07-28,68.7
2018-07-29,70.3
2018-07-30,68.8
2018-07-31,68.7
